/*******************************************************************************
 * Size: 42 px
 * Bpp: 4
 * Opts: --bpp 4 --size 42 --no-compress --stride 1 --align 1 --font
 * InterDisplay-Medium_freeze(1).ttf --range 32-127 --format lvgl -o inter_42.c
 ******************************************************************************/

#ifdef __has_include
#if __has_include("lvgl.h")
#ifndef LV_LVGL_H_INCLUDE_SIMPLE
#define LV_LVGL_H_INCLUDE_SIMPLE
#endif
#endif
#endif

#ifdef LV_LVGL_H_INCLUDE_SIMPLE
#include "lvgl.h"
#else
#include "lvgl/lvgl.h"
#endif

#ifndef INTER_42
#define INTER_42 1
#endif

#if INTER_42

/*-----------------
 *    BITMAPS
 *----------------*/

/*Store the image of the glyphs*/
static LV_ATTRIBUTE_LARGE_CONST const uint8_t glyph_bitmap[] = {
    /* U+0020 " " */

    /* U+0021 "!" */
    0x8, 0xff, 0xff, 0x20, 0x8f, 0xff, 0xf2, 0x7, 0xff, 0xff, 0x10, 0x7f, 0xff,
    0xf1, 0x7, 0xff, 0xff, 0x10, 0x7f, 0xff, 0xf0, 0x6, 0xff, 0xff, 0x0, 0x6f,
    0xff, 0xf0, 0x6, 0xff, 0xff, 0x0, 0x6f, 0xff, 0xf0, 0x5, 0xff, 0xff, 0x0,
    0x5f, 0xff, 0xf0, 0x5, 0xff, 0xff, 0x0, 0x5f, 0xff, 0xe0, 0x4, 0xff, 0xfe,
    0x0, 0x4f, 0xff, 0xe0, 0x4, 0xff, 0xfd, 0x0, 0x4f, 0xff, 0xd0, 0x3, 0xff,
    0xfd, 0x0, 0x3f, 0xff, 0xd0, 0x3, 0xff, 0xfc, 0x0, 0x2f, 0xff, 0xb0, 0x0,
    0x0, 0x0, 0x0, 0x0, 0x0, 0x0, 0x0, 0x5a, 0x92, 0x0, 0x7f, 0xff, 0xf2, 0xf,
    0xff, 0xff, 0x80, 0xff, 0xff, 0xf9, 0xb, 0xff, 0xff, 0x40, 0x1a, 0xfd, 0x60,

    /* U+0022 "\"" */
    0x9f, 0xff, 0x80, 0x9, 0xff, 0xf7, 0x8f, 0xff, 0x70, 0x8, 0xff, 0xf7, 0x8f,
    0xff, 0x60, 0x8, 0xff, 0xf6, 0x7f, 0xff, 0x60, 0x7, 0xff, 0xf5, 0x6f, 0xff,
    0x50, 0x6, 0xff, 0xf5, 0x5f, 0xff, 0x40, 0x6, 0xff, 0xf4, 0x5f, 0xff, 0x30,
    0x5, 0xff, 0xf3, 0x4f, 0xff, 0x30, 0x4, 0xff, 0xf2, 0x3f, 0xff, 0x20, 0x4,
    0xff, 0xf2, 0x3f, 0xff, 0x10, 0x3, 0xff, 0xf1, 0x1b, 0xbb, 0x0, 0x1, 0xbb,
    0xb0,

    /* U+0023 "#" */
    0x0, 0x0, 0x0, 0x0, 0xff, 0xf9, 0x0, 0x0, 0x0, 0x3f, 0xff, 0x40, 0x0, 0x0,
    0x0, 0x0, 0x1, 0xff, 0xf6, 0x0, 0x0, 0x0, 0x5f, 0xff, 0x20, 0x0, 0x0, 0x0,
    0x0, 0x4, 0xff, 0xf3, 0x0, 0x0, 0x0, 0x8f, 0xff, 0x0, 0x0, 0x0, 0x0, 0x0,
    0x7, 0xff, 0xf0, 0x0, 0x0, 0x0, 0xbf, 0xfc, 0x0, 0x0, 0x0, 0x0, 0x0, 0x9,
    0xff, 0xe0, 0x0, 0x0, 0x0, 0xef, 0xfa, 0x0, 0x0, 0x0, 0x0, 0x0, 0xc, 0xff,
    0xb0, 0x0, 0x0, 0x0, 0xff, 0xf7, 0x0, 0x0, 0x0, 0x0, 0x0, 0xf, 0xff, 0x80,
    0x0, 0x0, 0x3, 0xff, 0xf4, 0x0, 0x0, 0x0, 0x0, 0x0, 0x1f, 0xff, 0x60, 0x0,
    0x0, 0x6, 0xff, 0xf2, 0x0, 0x0, 0x0, 0xaf, 0xff, 0xff, 0xff, 0xff, 0xff,
    0xff, 0xff, 0xff, 0xff, 0xff, 0xf6, 0x0, 0xdf, 0xff, 0xff, 0xff, 0xff, 0xff,
    0xff, 0xff, 0xff, 0xff, 0xff, 0xf3, 0x0, 0xff, 0xff, 0xff, 0xff, 0xff, 0xff,
    0xff, 0xff, 0xff, 0xff, 0xff, 0xf1, 0x1, 0x88, 0x88, 0xef, 0xfd, 0x88, 0x88,
    0x88, 0x8f, 0xff, 0xb8, 0x88, 0x70, 0x0, 0x0, 0x0, 0xff, 0xf8, 0x0, 0x0,
    0x0, 0x3f, 0xff, 0x40, 0x0, 0x0, 0x0, 0x0, 0x1, 0xff, 0xf6, 0x0, 0x0, 0x0,
    0x6f, 0xff, 0x20, 0x0, 0x0, 0x0, 0x0, 0x4, 0xff, 0xf3, 0x0, 0x0, 0x0, 0x8f,
    0xff, 0x0, 0x0, 0x0, 0x0, 0x0, 0x7, 0xff, 0xf1, 0x0, 0x0, 0x0, 0xbf, 0xfc,
    0x0, 0x0, 0x0, 0x0, 0x0, 0x9, 0xff, 0xe0, 0x0, 0x0, 0x0, 0xdf, 0xfa, 0x0,
    0x0, 0x0, 0x0, 0x0, 0xc, 0xff, 0xb0, 0x0, 0x0, 0x0, 0xff, 0xf7, 0x0, 0x0,
    0x0, 0x37, 0x77, 0x7f, 0xff, 0xc7, 0x77, 0x77, 0x78, 0xff, 0xfa, 0x77, 0x75,
    0x0, 0x8f, 0xff, 0xff, 0xff, 0xff, 0xff, 0xff, 0xff, 0xff, 0xff, 0xff, 0xf9,
    0x0, 0xbf, 0xff, 0xff, 0xff, 0xff, 0xff, 0xff, 0xff, 0xff, 0xff, 0xff, 0xf6,
    0x0, 0xef, 0xff, 0xff, 0xff, 0xff, 0xff, 0xff, 0xff, 0xff, 0xff, 0xff, 0xf3,
    0x0, 0x0, 0x0, 0x9f, 0xfe, 0x0, 0x0, 0x0, 0xd, 0xff, 0xa0, 0x0, 0x0, 0x0,
    0x0, 0x0, 0xcf, 0xfb, 0x0, 0x0, 0x0, 0xf, 0xff, 0x70, 0x0, 0x0, 0x0, 0x0,
    0x0, 0xef, 0xf9, 0x0, 0x0, 0x0, 0x3f, 0xff, 0x40, 0x0, 0x0, 0x0, 0x0, 0x1,
    0xff, 0xf6, 0x0, 0x0, 0x0, 0x6f, 0xff, 0x20, 0x0, 0x0, 0x0, 0x0, 0x4, 0xff,
    0xf3, 0x0, 0x0, 0x0, 0x8f, 0xff, 0x0, 0x0, 0x0, 0x0, 0x0, 0x7, 0xff, 0xf1,
    0x0, 0x0, 0x0, 0xbf, 0xfc, 0x0, 0x0, 0x0, 0x0, 0x0, 0x9, 0xff, 0xe0, 0x0,
    0x0, 0x0, 0xef, 0xfa, 0x0, 0x0, 0x0, 0x0, 0x0, 0xc, 0xff, 0xb0, 0x0, 0x0,
    0x0, 0xff, 0xf7, 0x0, 0x0, 0x0, 0x0,

    /* U+0024 "$" */
    0x0, 0x0, 0x0, 0x0, 0x0, 0x48, 0x87, 0x0, 0x0, 0x0, 0x0, 0x0, 0x0, 0x0, 0x0,
    0x0, 0x0, 0x9f, 0xff, 0x0, 0x0, 0x0, 0x0, 0x0, 0x0, 0x0, 0x0, 0x0, 0x0,
    0x9f, 0xff, 0x0, 0x0, 0x0, 0x0, 0x0, 0x0, 0x0, 0x0, 0x0, 0x0, 0x9f, 0xff,
    0x0, 0x0, 0x0, 0x0, 0x0, 0x0, 0x0, 0x0, 0x0, 0x14, 0xbf, 0xff, 0x41, 0x0,
    0x0, 0x0, 0x0, 0x0, 0x0, 0x0, 0x7d, 0xff, 0xff, 0xff, 0xff, 0xc7, 0x0, 0x0,
    0x0, 0x0, 0x0, 0x5e, 0xff, 0xff, 0xff, 0xff, 0xff, 0xff, 0xd4, 0x0, 0x0,
    0x0, 0x7, 0xff, 0xff, 0xff, 0xff, 0xff, 0xff, 0xff, 0xff, 0x50, 0x0, 0x0,
    0x5f, 0xff, 0xff, 0xfc, 0xdf, 0xff, 0xdf, 0xff, 0xff, 0xf3, 0x0, 0x0, 0xef,
    0xff, 0xfc, 0x20, 0x9f, 0xff, 0x3, 0xdf, 0xff, 0xfc, 0x0, 0x5, 0xff, 0xff,
    0xa0, 0x0, 0x9f, 0xff, 0x0, 0xc, 0xff, 0xff, 0x40, 0xa, 0xff, 0xff, 0x10,
    0x0, 0x9f, 0xff, 0x0, 0x2, 0xff, 0xff, 0x90, 0xc, 0xff, 0xfb, 0x0, 0x0,
    0x9f, 0xff, 0x0, 0x0, 0xbf, 0xff, 0xc0, 0xd, 0xff, 0xfb, 0x0, 0x0, 0x9f,
    0xff, 0x0, 0x0, 0x8f, 0xff, 0xe0, 0xb, 0xff, 0xff, 0x10, 0x0, 0x9f, 0xff,
    0x0, 0x0, 0x0, 0x0, 0x0, 0x8, 0xff, 0xff, 0xb0, 0x0, 0x9f, 0xff, 0x0, 0x0,
    0x0, 0x0, 0x0, 0x2, 0xff, 0xff, 0xfe, 0x60, 0x9f, 0xff, 0x0, 0x0, 0x0, 0x0,
    0x0, 0x0, 0x8f, 0xff, 0xff, 0xff, 0xef, 0xff, 0x0, 0x0, 0x0, 0x0, 0x0, 0x0,
    0x9, 0xff, 0xff, 0xff, 0xff, 0xff, 0xb7, 0x30, 0x0, 0x0, 0x0, 0x0, 0x0,
    0x5e, 0xff, 0xff, 0xff, 0xff, 0xff, 0xfd, 0x70, 0x0, 0x0, 0x0, 0x0, 0x0,
    0x6c, 0xff, 0xff, 0xff, 0xff, 0xff, 0xfe, 0x50, 0x0, 0x0, 0x0, 0x0, 0x0,
    0x16, 0xdf, 0xff, 0xff, 0xff, 0xff, 0xf9, 0x0, 0x0, 0x0, 0x0, 0x0, 0x0,
    0x9f, 0xff, 0xae, 0xff, 0xff, 0xff, 0x70, 0x0, 0x0, 0x0, 0x0, 0x0, 0x9f,
    0xff, 0x0, 0x5e, 0xff, 0xff, 0xf1, 0x0, 0x0, 0x0, 0x0, 0x0, 0x9f, 0xff, 0x0,
    0x0, 0xcf, 0xff, 0xf7, 0x38, 0x88, 0x80, 0x0, 0x0, 0x9f, 0xff, 0x0, 0x0,
    0x2f, 0xff, 0xfa, 0x6f, 0xff, 0xf2, 0x0, 0x0, 0x9f, 0xff, 0x0, 0x0, 0xd,
    0xff, 0xfc, 0x4f, 0xff, 0xf5, 0x0, 0x0, 0x9f, 0xff, 0x0, 0x0, 0xc, 0xff,
    0xfb, 0x1f, 0xff, 0xfb, 0x0, 0x0, 0x9f, 0xff, 0x0, 0x0, 0xf, 0xff, 0xfa,
    0xc, 0xff, 0xff, 0x50, 0x0, 0x9f, 0xff, 0x0, 0x0, 0x8f, 0xff, 0xf5, 0x5,
    0xff, 0xff, 0xf6, 0x0, 0x9f, 0xff, 0x0, 0x8, 0xff, 0xff, 0xe1, 0x0, 0xbf,
    0xff, 0xff, 0xc6, 0xaf, 0xff, 0x37, 0xef, 0xff, 0xff, 0x70, 0x0, 0x1d, 0xff,
    0xff, 0xff, 0xff, 0xff, 0xff, 0xff, 0xff, 0xfa, 0x0, 0x0, 0x1, 0xcf, 0xff,
    0xff, 0xff, 0xff, 0xff, 0xff, 0xff, 0x80, 0x0, 0x0, 0x0, 0x5, 0xdf, 0xff,
    0xff, 0xff, 0xff, 0xff, 0xb3, 0x0, 0x0, 0x0, 0x0, 0x0, 0x3, 0x8a, 0xef,
    0xff, 0xca, 0x72, 0x0, 0x0, 0x0, 0x0, 0x0, 0x0, 0x0, 0x0, 0x9f, 0xff, 0x0,
    0x0, 0x0, 0x0, 0x0, 0x0, 0x0, 0x0, 0x0, 0x0, 0x9f, 0xff, 0x0, 0x0, 0x0, 0x0,
    0x0, 0x0, 0x0, 0x0, 0x0, 0x0, 0x9f, 0xff, 0x0, 0x0, 0x0, 0x0, 0x0, 0x0, 0x0,
    0x0, 0x0, 0x0, 0x9f, 0xff, 0x0, 0x0, 0x0, 0x0, 0x0,

    /* U+0025 "%" */
    0x0, 0x0, 0x6c, 0xef, 0xda, 0x30, 0x0, 0x0, 0x0, 0x0, 0x0, 0x0, 0x7f, 0xff,
    0x60, 0x0, 0x0, 0x2, 0xdf, 0xff, 0xff, 0xff, 0x80, 0x0, 0x0, 0x0, 0x0, 0x0,
    0x2f, 0xff, 0xb0, 0x0, 0x0, 0x1, 0xef, 0xff, 0xff, 0xff, 0xff, 0x70, 0x0,
    0x0, 0x0, 0x0, 0xd, 0xff, 0xe1, 0x0, 0x0, 0x0, 0x9f, 0xff, 0xa2, 0x4, 0xef,
    0xff, 0x20, 0x0, 0x0, 0x0, 0x8, 0xff, 0xf5, 0x0, 0x0, 0x0, 0xe, 0xff, 0xc0,
    0x0, 0x3, 0xff, 0xf8, 0x0, 0x0, 0x0, 0x4, 0xff, 0xf9, 0x0, 0x0, 0x0, 0x2,
    0xff, 0xf6, 0x0, 0x0, 0xd, 0xff, 0xb0, 0x0, 0x0, 0x1, 0xef, 0xfd, 0x0, 0x0,
    0x0, 0x0, 0x4f, 0xff, 0x40, 0x0, 0x0, 0xbf, 0xfd, 0x0, 0x0, 0x0, 0xaf, 0xff,
    0x30, 0x0, 0x0, 0x0, 0x4, 0xff, 0xf4, 0x0, 0x0, 0xb, 0xff, 0xd0, 0x0, 0x0,
    0x5f, 0xff, 0x80, 0x0, 0x0, 0x0, 0x0, 0x2f, 0xff, 0x60, 0x0, 0x0, 0xdf,
    0xfb, 0x0, 0x0, 0x1f, 0xff, 0xc0, 0x0, 0x0, 0x0, 0x0, 0x0, 0xef, 0xfc, 0x0,
    0x0, 0x3f, 0xff, 0x80, 0x0, 0xc, 0xff, 0xf2, 0x0, 0x0, 0x0, 0x0, 0x0, 0x9,
    0xff, 0xfa, 0x20, 0x4e, 0xff, 0xf2, 0x0, 0x7, 0xff, 0xf6, 0x0, 0x0, 0x0,
    0x0, 0x0, 0x0, 0x1e, 0xff, 0xff, 0xff, 0xff, 0xf7, 0x0, 0x2, 0xff, 0xfb,
    0x0, 0x0, 0x0, 0x0, 0x0, 0x0, 0x0, 0x2d, 0xff, 0xff, 0xff, 0xf8, 0x0, 0x0,
    0xdf, 0xfe, 0x10, 0x0, 0x0, 0x0, 0x0, 0x0, 0x0, 0x0, 0x6, 0xce, 0xfd, 0xa3,
    0x0, 0x0, 0x8f, 0xff, 0x50, 0x0, 0x0, 0x0, 0x0, 0x0, 0x0, 0x0, 0x0, 0x0,
    0x0, 0x0, 0x0, 0x0, 0x4f, 0xff, 0x90, 0x0, 0x0, 0x0, 0x0, 0x0, 0x0, 0x0,
    0x0, 0x0, 0x0, 0x0, 0x0, 0x0, 0x1e, 0xff, 0xd0, 0x0, 0x4, 0xad, 0xfd, 0xa4,
    0x0, 0x0, 0x0, 0x0, 0x0, 0x0, 0x0, 0x0, 0xa, 0xff, 0xf3, 0x0, 0x9, 0xff,
    0xff, 0xff, 0xf9, 0x0, 0x0, 0x0, 0x0, 0x0, 0x0, 0x0, 0x5, 0xff, 0xf8, 0x0,
    0x9, 0xff, 0xff, 0xff, 0xff, 0xf9, 0x0, 0x0, 0x0, 0x0, 0x0, 0x0, 0x1, 0xff,
    0xfc, 0x0, 0x3, 0xff, 0xfc, 0x30, 0x3d, 0xff, 0xf3, 0x0, 0x0, 0x0, 0x0, 0x0,
    0x0, 0xcf, 0xff, 0x20, 0x0, 0xaf, 0xff, 0x10, 0x0, 0x2f, 0xff, 0x90, 0x0,
    0x0, 0x0, 0x0, 0x0, 0x7f, 0xff, 0x60, 0x0, 0xe, 0xff, 0xa0, 0x0, 0x0, 0xbf,
    0xfe, 0x0, 0x0, 0x0, 0x0, 0x0, 0x2f, 0xff, 0xb0, 0x0, 0x0, 0xff, 0xf8, 0x0,
    0x0, 0x8, 0xff, 0xf0, 0x0, 0x0, 0x0, 0x0, 0xd, 0xff, 0xe1, 0x0, 0x0, 0x1f,
    0xff, 0x60, 0x0, 0x0, 0x7f, 0xff, 0x10, 0x0, 0x0, 0x0, 0x8, 0xff, 0xf5, 0x0,
    0x0, 0x0, 0xff, 0xf8, 0x0, 0x0, 0x8, 0xff, 0xf0, 0x0, 0x0, 0x0, 0x4, 0xff,
    0xf9, 0x0, 0x0, 0x0, 0xe, 0xff, 0xa0, 0x0, 0x0, 0xbf, 0xfe, 0x0, 0x0, 0x0,
    0x1, 0xef, 0xfd, 0x0, 0x0, 0x0, 0x0, 0xaf, 0xff, 0x10, 0x0, 0x2f, 0xff,
    0x90, 0x0, 0x0, 0x0, 0xaf, 0xff, 0x30, 0x0, 0x0, 0x0, 0x4, 0xff, 0xfc, 0x30,
    0x3d, 0xff, 0xf3, 0x0, 0x0, 0x0, 0x5f, 0xff, 0x80, 0x0, 0x0, 0x0, 0x0, 0x9,
    0xff, 0xff, 0xff, 0xff, 0xf9, 0x0, 0x0, 0x0, 0x1f, 0xff, 0xc0, 0x0, 0x0,
    0x0, 0x0, 0x0, 0xa, 0xff, 0xff, 0xff, 0xf9, 0x0, 0x0, 0x0, 0xc, 0xff, 0xf2,
    0x0, 0x0, 0x0, 0x0, 0x0, 0x0, 0x4, 0xbe, 0xfe, 0xa4, 0x0, 0x0,

    /* U+0026 "&" */
    0x0, 0x0, 0x0, 0x18, 0xce, 0xfe, 0xc8, 0x20, 0x0, 0x0, 0x0, 0x0, 0x0, 0x0,
    0x0, 0x7, 0xff, 0xff, 0xff, 0xff, 0xf9, 0x0, 0x0, 0x0, 0x0, 0x0, 0x0, 0x0,
    0x8f, 0xff, 0xff, 0xff, 0xff, 0xff, 0xb0, 0x0, 0x0, 0x0, 0x0, 0x0, 0x4,
    0xff, 0xff, 0xfd, 0xac, 0xff, 0xff, 0xf6, 0x0, 0x0, 0x0, 0x0, 0x0, 0xb,
    0xff, 0xff, 0x40, 0x0, 0x3d, 0xff, 0xfd, 0x0, 0x0, 0x0, 0x0, 0x0, 0xf, 0xff,
    0xf6, 0x0, 0x0, 0x4, 0xff, 0xff, 0x0, 0x0, 0x0, 0x0, 0x0, 0x1f, 0xff, 0xf0,
    0x0, 0x0, 0x0, 0xff, 0xff, 0x20, 0x0, 0x0, 0x0, 0x0, 0x1f, 0xff, 0xf0, 0x0,
    0x0, 0x0, 0xff, 0xff, 0x0, 0x0, 0x0, 0x0, 0x0, 0xe, 0xff, 0xf3, 0x0, 0x0,
    0x6, 0xff, 0xfc, 0x0, 0x0, 0x0, 0x0, 0x0, 0x8, 0xff, 0xfb, 0x0, 0x0, 0x3f,
    0xff, 0xf4, 0x0, 0x0, 0x0, 0x0, 0x0, 0x1, 0xff, 0xff, 0x60, 0x5, 0xff, 0xff,
    0xa0, 0x0, 0x0, 0x0, 0x0, 0x0, 0x0, 0x6f, 0xff, 0xf3, 0xaf, 0xff, 0xfb, 0x0,
    0x0, 0x0, 0x0, 0x0, 0x0, 0x0, 0xb, 0xff, 0xff, 0xff, 0xff, 0x90, 0x0, 0x0,
    0x0, 0x0, 0x0, 0x0, 0x0, 0x0, 0xef, 0xff, 0xff, 0xe5, 0x0, 0x0, 0x0, 0x0,
    0x0, 0x0, 0x0, 0x0, 0x9, 0xff, 0xff, 0xff, 0x40, 0x0, 0x0, 0x0, 0x0, 0x0,
    0x0, 0x0, 0x1, 0xcf, 0xff, 0xff, 0xff, 0xd1, 0x0, 0x0, 0x0, 0x0, 0x0, 0x0,
    0x0, 0x2e, 0xff, 0xff, 0xdf, 0xff, 0xfc, 0x0, 0x0, 0x6, 0xbb, 0xb4, 0x0,
    0x1, 0xef, 0xff, 0xf8, 0x6, 0xff, 0xff, 0xb0, 0x0, 0xa, 0xff, 0xf4, 0x0,
    0xb, 0xff, 0xff, 0x60, 0x0, 0x8f, 0xff, 0xf9, 0x0, 0xd, 0xff, 0xf3, 0x0,
    0x3f, 0xff, 0xf8, 0x0, 0x0, 0xa, 0xff, 0xff, 0x70, 0x2f, 0xff, 0xf0, 0x0,
    0x7f, 0xff, 0xf0, 0x0, 0x0, 0x0, 0xbf, 0xff, 0xf5, 0x8f, 0xff, 0xc0, 0x0,
    0x9f, 0xff, 0xc0, 0x0, 0x0, 0x0, 0xd, 0xff, 0xff, 0xff, 0xff, 0x70, 0x0,
    0x9f, 0xff, 0xe0, 0x0, 0x0, 0x0, 0x1, 0xef, 0xff, 0xff, 0xff, 0x10, 0x0,
    0x7f, 0xff, 0xf4, 0x0, 0x0, 0x0, 0x0, 0x2e, 0xff, 0xff, 0xf7, 0x0, 0x0,
    0x2f, 0xff, 0xfe, 0x10, 0x0, 0x0, 0x0, 0xb, 0xff, 0xff, 0xf0, 0x0, 0x0, 0xb,
    0xff, 0xff, 0xe5, 0x0, 0x0, 0x5, 0xdf, 0xff, 0xff, 0xfa, 0x0, 0x0, 0x1,
    0xef, 0xff, 0xff, 0xec, 0xac, 0xff, 0xff, 0xff, 0xff, 0xff, 0x60, 0x0, 0x0,
    0x2e, 0xff, 0xff, 0xff, 0xff, 0xff, 0xff, 0xfb, 0xbf, 0xff, 0xf3, 0x0, 0x0,
    0x0, 0x9f, 0xff, 0xff, 0xff, 0xff, 0xfd, 0x60, 0xd, 0xff, 0xfe, 0x10, 0x0,
    0x0, 0x2, 0x7b, 0xef, 0xfe, 0xc8, 0x40, 0x0, 0x3, 0xff, 0xff, 0xc0,

    /* U+0027 "'" */
    0x9f, 0xff, 0x88, 0xff, 0xf7, 0x8f, 0xff, 0x67, 0xff, 0xf6, 0x6f, 0xff,
    0x55, 0xff, 0xf4, 0x5f, 0xff, 0x34, 0xff, 0xf3, 0x3f, 0xff, 0x23, 0xff,
    0xf1, 0x1b, 0xbb, 0x0,

    /* U+0028 "(" */
    0x0, 0x0, 0x7, 0xee, 0xe9, 0x0, 0x0, 0x1f, 0xff, 0xf4, 0x0, 0x0, 0x9f, 0xff,
    0xd0, 0x0, 0x0, 0xff, 0xff, 0x60, 0x0, 0x6, 0xff, 0xff, 0x10, 0x0, 0xc,
    0xff, 0xfb, 0x0, 0x0, 0x1f, 0xff, 0xf5, 0x0, 0x0, 0x6f, 0xff, 0xf1, 0x0,
    0x0, 0xaf, 0xff, 0xc0, 0x0, 0x0, 0xef, 0xff, 0x80, 0x0, 0x2, 0xff, 0xff,
    0x40, 0x0, 0x5, 0xff, 0xff, 0x10, 0x0, 0x8, 0xff, 0xfd, 0x0, 0x0, 0xb, 0xff,
    0xfa, 0x0, 0x0, 0xd, 0xff, 0xf8, 0x0, 0x0, 0xf, 0xff, 0xf6, 0x0, 0x0, 0x1f,
    0xff, 0xf4, 0x0, 0x0, 0x2f, 0xff, 0xf3, 0x0, 0x0, 0x2f, 0xff, 0xf3, 0x0,
    0x0, 0x3f, 0xff, 0xf2, 0x0, 0x0, 0x3f, 0xff, 0xf2, 0x0, 0x0, 0x3f, 0xff,
    0xf2, 0x0, 0x0, 0x2f, 0xff, 0xf3, 0x0, 0x0, 0xf, 0xff, 0xf5, 0x0, 0x0, 0xf,
    0xff, 0xf7, 0x0, 0x0, 0xc, 0xff, 0xf9, 0x0, 0x0, 0xa, 0xff, 0xfc, 0x0, 0x0,
    0x7, 0xff, 0xff, 0x0, 0x0, 0x3, 0xff, 0xff, 0x40, 0x0, 0x0, 0xff, 0xff,
    0x90, 0x0, 0x0, 0xaf, 0xff, 0xd0, 0x0, 0x0, 0x5f, 0xff, 0xf3, 0x0, 0x0, 0xe,
    0xff, 0xf8, 0x0, 0x0, 0x9, 0xff, 0xfe, 0x0, 0x0, 0x2, 0xff, 0xff, 0x50, 0x0,
    0x0, 0xaf, 0xff, 0xb0, 0x0, 0x0, 0x2f, 0xff, 0xf3, 0x0, 0x0, 0x9, 0xff,
    0xfa,

    /* U+0029 ")" */
    0x3e, 0xee, 0xd0, 0x0, 0x0, 0xd, 0xff, 0xf7, 0x0, 0x0, 0x6, 0xff, 0xfe, 0x0,
    0x0, 0x0, 0xff, 0xff, 0x60, 0x0, 0x0, 0xaf, 0xff, 0xc0, 0x0, 0x0, 0x4f,
    0xff, 0xf2, 0x0, 0x0, 0xe, 0xff, 0xf8, 0x0, 0x0, 0xa, 0xff, 0xfc, 0x0, 0x0,
    0x6, 0xff, 0xff, 0x10, 0x0, 0x1, 0xff, 0xff, 0x50, 0x0, 0x0, 0xef, 0xff,
    0x80, 0x0, 0x0, 0xaf, 0xff, 0xc0, 0x0, 0x0, 0x7f, 0xff, 0xf0, 0x0, 0x0,
    0x4f, 0xff, 0xf1, 0x0, 0x0, 0x2f, 0xff, 0xf4, 0x0, 0x0, 0xf, 0xff, 0xf6,
    0x0, 0x0, 0xe, 0xff, 0xf8, 0x0, 0x0, 0xd, 0xff, 0xf8, 0x0, 0x0, 0xc, 0xff,
    0xf9, 0x0, 0x0, 0xb, 0xff, 0xfa, 0x0, 0x0, 0xb, 0xff, 0xfa, 0x0, 0x0, 0xc,
    0xff, 0xf9, 0x0, 0x0, 0xd, 0xff, 0xf9, 0x0, 0x0, 0xf, 0xff, 0xf7, 0x0, 0x0,
    0xf, 0xff, 0xf6, 0x0, 0x0, 0x3f, 0xff, 0xf3, 0x0, 0x0, 0x6f, 0xff, 0xf1,
    0x0, 0x0, 0xaf, 0xff, 0xe0, 0x0, 0x0, 0xdf, 0xff, 0xa0, 0x0, 0x2, 0xff,
    0xff, 0x60, 0x0, 0x7, 0xff, 0xff, 0x10, 0x0, 0xc, 0xff, 0xfc, 0x0, 0x0,
    0x2f, 0xff, 0xf6, 0x0, 0x0, 0x8f, 0xff, 0xf0, 0x0, 0x0, 0xef, 0xff, 0x90,
    0x0, 0x5, 0xff, 0xff, 0x10, 0x0, 0xc, 0xff, 0xf9, 0x0, 0x0, 0x3f, 0xff,
    0xf1, 0x0, 0x0,

    /* U+002A "*" */
    0x0, 0x0, 0x0, 0x0, 0x4e, 0xee, 0x60, 0x0, 0x0, 0x0, 0x0, 0x0, 0x0, 0x0,
    0x4, 0xff, 0xf6, 0x0, 0x0, 0x0, 0x0, 0x0, 0x0, 0x0, 0x0, 0x4f, 0xff, 0x50,
    0x0, 0x0, 0x0, 0x0, 0x4, 0x10, 0x0, 0x3, 0xff, 0xf5, 0x0, 0x0, 0x15, 0x0,
    0x1, 0xef, 0x60, 0x0, 0x3f, 0xff, 0x40, 0x0, 0x6e, 0xf2, 0x0, 0x9f, 0xff,
    0xc3, 0x2, 0xff, 0xf4, 0x2, 0xbf, 0xff, 0xb0, 0x1e, 0xff, 0xff, 0xf8, 0x2f,
    0xff, 0x47, 0xff, 0xff, 0xff, 0x20, 0x18, 0xff, 0xff, 0xfe, 0xff, 0xfe,
    0xff, 0xff, 0xf9, 0x10, 0x0, 0x1, 0x9f, 0xff, 0xff, 0xff, 0xff, 0xff, 0xa2,
    0x0, 0x0, 0x0, 0x0, 0x2a, 0xff, 0xff, 0xff, 0xfb, 0x30, 0x0, 0x0, 0x0, 0x0,
    0x1, 0x9f, 0xff, 0xff, 0xff, 0xa2, 0x0, 0x0, 0x0, 0x0, 0x18, 0xff, 0xff,
    0xff, 0xff, 0xff, 0xf9, 0x10, 0x0, 0x0, 0x7e, 0xff, 0xff, 0xff, 0xff, 0xff,
    0xff, 0xff, 0x80, 0x1, 0xef, 0xff, 0xff, 0x93, 0xff, 0xf4, 0x8f, 0xff, 0xff,
    0xe2, 0xa, 0xff, 0xfd, 0x30, 0x2f, 0xff, 0x40, 0x3c, 0xff, 0xfb, 0x0, 0x1f,
    0xf8, 0x0, 0x3, 0xff, 0xf4, 0x0, 0x7, 0xff, 0x20, 0x0, 0x52, 0x0, 0x0, 0x3f,
    0xff, 0x50, 0x0, 0x1, 0x60, 0x0, 0x0, 0x0, 0x0, 0x4, 0xff, 0xf5, 0x0, 0x0,
    0x0, 0x0, 0x0, 0x0, 0x0, 0x0, 0x4f, 0xff, 0x60, 0x0, 0x0, 0x0, 0x0, 0x0,
    0x0, 0x0, 0x5, 0xff, 0xf6, 0x0, 0x0, 0x0, 0x0,

    /* U+002B "+" */
    0x0, 0x0, 0x0, 0x0, 0x6f, 0xff, 0x70, 0x0, 0x0, 0x0, 0x0, 0x0, 0x0, 0x0,
    0x7, 0xff, 0xf8, 0x0, 0x0, 0x0, 0x0, 0x0, 0x0, 0x0, 0x0, 0x7f, 0xff, 0x80,
    0x0, 0x0, 0x0, 0x0, 0x0, 0x0, 0x0, 0x7, 0xff, 0xf8, 0x0, 0x0, 0x0, 0x0, 0x0,
    0x0, 0x0, 0x0, 0x7f, 0xff, 0x80, 0x0, 0x0, 0x0, 0x0, 0x0, 0x0, 0x0, 0x7,
    0xff, 0xf8, 0x0, 0x0, 0x0, 0x0, 0x0, 0x0, 0x0, 0x0, 0x7f, 0xff, 0x80, 0x0,
    0x0, 0x0, 0x0, 0x0, 0x0, 0x0, 0x7, 0xff, 0xf8, 0x0, 0x0, 0x0, 0x0, 0x8f,
    0xff, 0xff, 0xff, 0xff, 0xff, 0xff, 0xff, 0xff, 0xff, 0x98, 0xff, 0xff,
    0xff, 0xff, 0xff, 0xff, 0xff, 0xff, 0xff, 0xf9, 0x8f, 0xff, 0xff, 0xff,
    0xff, 0xff, 0xff, 0xff, 0xff, 0xff, 0x96, 0xcc, 0xcc, 0xcc, 0xcd, 0xff,
    0xfe, 0xcc, 0xcc, 0xcc, 0xc7, 0x0, 0x0, 0x0, 0x0, 0x7f, 0xff, 0x80, 0x0,
    0x0, 0x0, 0x0, 0x0, 0x0, 0x0, 0x7, 0xff, 0xf8, 0x0, 0x0, 0x0, 0x0, 0x0, 0x0,
    0x0, 0x0, 0x7f, 0xff, 0x80, 0x0, 0x0, 0x0, 0x0, 0x0, 0x0, 0x0, 0x7, 0xff,
    0xf8, 0x0, 0x0, 0x0, 0x0, 0x0, 0x0, 0x0, 0x0, 0x7f, 0xff, 0x80, 0x0, 0x0,
    0x0, 0x0, 0x0, 0x0, 0x0, 0x7, 0xff, 0xf8, 0x0, 0x0, 0x0, 0x0, 0x0, 0x0, 0x0,
    0x0, 0x7f, 0xff, 0x80, 0x0, 0x0, 0x0, 0x0, 0x0, 0x0, 0x0, 0x7, 0xff, 0xf8,
    0x0, 0x0, 0x0, 0x0,

    /* U+002C "," */
    0x0, 0x66, 0x66, 0x20, 0x2f, 0xff, 0xf3, 0x4, 0xff, 0xfe, 0x0, 0x7f, 0xff,
    0x90, 0xa, 0xff, 0xf5, 0x0, 0xcf, 0xff, 0x0, 0xf, 0xff, 0xb0, 0x1, 0xff,
    0xf7, 0x0, 0x4f, 0xff, 0x20, 0x7, 0xff, 0xd0, 0x0, 0x9f, 0xf9, 0x0, 0x0,

    /* U+002D "-" */
    0x3c, 0xcc, 0xcc, 0xcc, 0xcc, 0xcc, 0xcc, 0x34, 0xff, 0xff, 0xff, 0xff,
    0xff, 0xff, 0xf4, 0x4f, 0xff, 0xff, 0xff, 0xff, 0xff, 0xff, 0x44, 0xff,
    0xff, 0xff, 0xff, 0xff, 0xff, 0xf4,

    /* U+002E "." */
    0x0, 0x5a, 0x81, 0x0, 0x8f, 0xff, 0xe1, 0xf, 0xff, 0xff, 0x70, 0xff, 0xff,
    0xf8, 0xb, 0xff, 0xff, 0x30, 0x1a, 0xfd, 0x50,

    /* U+002F "/" */
    0x0, 0x0, 0x0, 0x0, 0x0, 0x78, 0x87, 0x0, 0x0, 0x0, 0x0, 0x3, 0xff, 0xfb,
    0x0, 0x0, 0x0, 0x0, 0x7, 0xff, 0xf7, 0x0, 0x0, 0x0, 0x0, 0xb, 0xff, 0xf2,
    0x0, 0x0, 0x0, 0x0, 0xf, 0xff, 0xe0, 0x0, 0x0, 0x0, 0x0, 0x4f, 0xff, 0xa0,
    0x0, 0x0, 0x0, 0x0, 0x8f, 0xff, 0x50, 0x0, 0x0, 0x0, 0x0, 0xdf, 0xff, 0x10,
    0x0, 0x0, 0x0, 0x1, 0xff, 0xfd, 0x0, 0x0, 0x0, 0x0, 0x5, 0xff, 0xf8, 0x0,
    0x0, 0x0, 0x0, 0xa, 0xff, 0xf4, 0x0, 0x0, 0x0, 0x0, 0xe, 0xff, 0xf0, 0x0,
    0x0, 0x0, 0x0, 0x2f, 0xff, 0xb0, 0x0, 0x0, 0x0, 0x0, 0x7f, 0xff, 0x70, 0x0,
    0x0, 0x0, 0x0, 0xbf, 0xff, 0x30, 0x0, 0x0, 0x0, 0x0, 0xff, 0xfe, 0x0, 0x0,
    0x0, 0x0, 0x4, 0xff, 0xfa, 0x0, 0x0, 0x0, 0x0, 0x8, 0xff, 0xf6, 0x0, 0x0,
    0x0, 0x0, 0xc, 0xff, 0xf2, 0x0, 0x0, 0x0, 0x0, 0x1f, 0xff, 0xd0, 0x0, 0x0,
    0x0, 0x0, 0x5f, 0xff, 0x90, 0x0, 0x0, 0x0, 0x0, 0x9f, 0xff, 0x50, 0x0, 0x0,
    0x0, 0x0, 0xdf, 0xff, 0x10, 0x0, 0x0, 0x0, 0x2, 0xff, 0xfc, 0x0, 0x0, 0x0,
    0x0, 0x6, 0xff, 0xf8, 0x0, 0x0, 0x0, 0x0, 0xa, 0xff, 0xf3, 0x0, 0x0, 0x0,
    0x0, 0xe, 0xff, 0xf0, 0x0, 0x0, 0x0, 0x0, 0x3f, 0xff, 0xb0, 0x0, 0x0, 0x0,
    0x0, 0x7f, 0xff, 0x60, 0x0, 0x0, 0x0, 0x0, 0xcf, 0xff, 0x20, 0x0, 0x0, 0x0,
    0x0, 0xff, 0xfe, 0x0, 0x0, 0x0, 0x0, 0x4, 0xff, 0xf9, 0x0, 0x0, 0x0, 0x0,
    0x9, 0xff, 0xf5, 0x0, 0x0, 0x0, 0x0, 0xd, 0xff, 0xf1, 0x0, 0x0, 0x0, 0x0,
    0x1f, 0xff, 0xd0, 0x0, 0x0, 0x0, 0x0, 0x6f, 0xff, 0x80, 0x0, 0x0, 0x0, 0x0,
    0xaf, 0xff, 0x40, 0x0, 0x0, 0x0, 0x0,

    /* U+0030 "0" */
    0x0, 0x0, 0x0, 0x3, 0x9c, 0xef, 0xed, 0x94, 0x0, 0x0, 0x0, 0x0, 0x0, 0x0,
    0x3c, 0xff, 0xff, 0xff, 0xff, 0xfc, 0x30, 0x0, 0x0, 0x0, 0x0, 0x5f, 0xff,
    0xff, 0xff, 0xff, 0xff, 0xff, 0x60, 0x0, 0x0, 0x0, 0x5f, 0xff, 0xff, 0xff,
    0xef, 0xff, 0xff, 0xff, 0x60, 0x0, 0x0, 0x2f, 0xff, 0xff, 0xa3, 0x0, 0x3,
    0xaf, 0xff, 0xff, 0x20, 0x0, 0xb, 0xff, 0xff, 0x70, 0x0, 0x0, 0x0, 0x6f,
    0xff, 0xfc, 0x0, 0x3, 0xff, 0xff, 0x90, 0x0, 0x0, 0x0, 0x0, 0x8f, 0xff,
    0xf4, 0x0, 0x9f, 0xff, 0xf1, 0x0, 0x0, 0x0, 0x0, 0x0, 0xef, 0xff, 0xa0, 0xe,
    0xff, 0xf8, 0x0, 0x0, 0x0, 0x0, 0x0, 0x7, 0xff, 0xff, 0x3, 0xff, 0xff, 0x30,
    0x0, 0x0, 0x0, 0x0, 0x0, 0x2f, 0xff, 0xf4, 0x6f, 0xff, 0xe0, 0x0, 0x0, 0x0,
    0x0, 0x0, 0x0, 0xdf, 0xff, 0x79, 0xff, 0xfc, 0x0, 0x0, 0x0, 0x0, 0x0, 0x0,
    0xb, 0xff, 0xfa, 0xbf, 0xff, 0x90, 0x0, 0x0, 0x0, 0x0, 0x0, 0x0, 0x8f, 0xff,
    0xcc, 0xff, 0xf8, 0x0, 0x0, 0x0, 0x0, 0x0, 0x0, 0x7, 0xff, 0xfd, 0xcf, 0xff,
    0x80, 0x0, 0x0, 0x0, 0x0, 0x0, 0x0, 0x6f, 0xff, 0xdc, 0xff, 0xf8, 0x0, 0x0,
    0x0, 0x0, 0x0, 0x0, 0x6, 0xff, 0xfd, 0xcf, 0xff, 0x80, 0x0, 0x0, 0x0, 0x0,
    0x0, 0x0, 0x7f, 0xff, 0xdb, 0xff, 0xf9, 0x0, 0x0, 0x0, 0x0, 0x0, 0x0, 0x8,
    0xff, 0xfc, 0x9f, 0xff, 0xc0, 0x0, 0x0, 0x0, 0x0, 0x0, 0x0, 0xbf, 0xff,
    0xa7, 0xff, 0xfe, 0x0, 0x0, 0x0, 0x0, 0x0, 0x0, 0xd, 0xff, 0xf8, 0x3f, 0xff,
    0xf3, 0x0, 0x0, 0x0, 0x0, 0x0, 0x2, 0xff, 0xff, 0x40, 0xff, 0xff, 0x80, 0x0,
    0x0, 0x0, 0x0, 0x0, 0x7f, 0xff, 0xf0, 0xa, 0xff, 0xfe, 0x0, 0x0, 0x0, 0x0,
    0x0, 0xe, 0xff, 0xfb, 0x0, 0x3f, 0xff, 0xf9, 0x0, 0x0, 0x0, 0x0, 0x8, 0xff,
    0xff, 0x40, 0x0, 0xbf, 0xff, 0xf7, 0x0, 0x0, 0x0, 0x6, 0xff, 0xff, 0xc0,
    0x0, 0x2, 0xff, 0xff, 0xfa, 0x30, 0x0, 0x3a, 0xff, 0xff, 0xf2, 0x0, 0x0,
    0x5, 0xff, 0xff, 0xff, 0xfd, 0xff, 0xff, 0xff, 0xf6, 0x0, 0x0, 0x0, 0x5,
    0xff, 0xff, 0xff, 0xff, 0xff, 0xff, 0xf6, 0x0, 0x0, 0x0, 0x0, 0x3, 0xcf,
    0xff, 0xff, 0xff, 0xff, 0xd3, 0x0, 0x0, 0x0, 0x0, 0x0, 0x0, 0x49, 0xde,
    0xff, 0xd9, 0x40, 0x0, 0x0, 0x0,

    /* U+0031 "1" */
    0x0, 0x0, 0x0, 0x8, 0xff, 0xff, 0x80, 0x0, 0x0, 0x0, 0x0, 0x0, 0x3, 0xdf,
    0xff, 0xff, 0x80, 0x0, 0x0, 0x0, 0x0, 0x0, 0x9f, 0xff, 0xff, 0xff, 0x80,
    0x0, 0x0, 0x0, 0x0, 0x4e, 0xff, 0xff, 0xff, 0xff, 0x80, 0x0, 0x0, 0x0, 0x1a,
    0xff, 0xff, 0xfc, 0xef, 0xff, 0x80, 0x0, 0x0, 0x0, 0x5f, 0xff, 0xff, 0x60,
    0xdf, 0xff, 0x80, 0x0, 0x0, 0x0, 0x5f, 0xff, 0xb1, 0x0, 0xdf, 0xff, 0x80,
    0x0, 0x0, 0x0, 0x5f, 0xe5, 0x0, 0x0, 0xdf, 0xff, 0x80, 0x0, 0x0, 0x0, 0x5a,
    0x10, 0x0, 0x0, 0xdf, 0xff, 0x80, 0x0, 0x0, 0x0, 0x0, 0x0, 0x0, 0x0, 0xdf,
    0xff, 0x80, 0x0, 0x0, 0x0, 0x0, 0x0, 0x0, 0x0, 0xdf, 0xff, 0x80, 0x0, 0x0,
    0x0, 0x0, 0x0, 0x0, 0x0, 0xdf, 0xff, 0x80, 0x0, 0x0, 0x0, 0x0, 0x0, 0x0,
    0x0, 0xdf, 0xff, 0x80, 0x0, 0x0, 0x0, 0x0, 0x0, 0x0, 0x0, 0xdf, 0xff, 0x80,
    0x0, 0x0, 0x0, 0x0, 0x0, 0x0, 0x0, 0xdf, 0xff, 0x80, 0x0, 0x0, 0x0, 0x0,
    0x0, 0x0, 0x0, 0xdf, 0xff, 0x80, 0x0, 0x0, 0x0, 0x0, 0x0, 0x0, 0x0, 0xdf,
    0xff, 0x80, 0x0, 0x0, 0x0, 0x0, 0x0, 0x0, 0x0, 0xdf, 0xff, 0x80, 0x0, 0x0,
    0x0, 0x0, 0x0, 0x0, 0x0, 0xdf, 0xff, 0x80, 0x0, 0x0, 0x0, 0x0, 0x0, 0x0,
    0x0, 0xdf, 0xff, 0x80, 0x0, 0x0, 0x0, 0x0, 0x0, 0x0, 0x0, 0xdf, 0xff, 0x80,
    0x0, 0x0, 0x0, 0x0, 0x0, 0x0, 0x0, 0xdf, 0xff, 0x80, 0x0, 0x0, 0x0, 0x0,
    0x0, 0x0, 0x0, 0xdf, 0xff, 0x80, 0x0, 0x0, 0x0, 0x0, 0x0, 0x0, 0x0, 0xdf,
    0xff, 0x80, 0x0, 0x0, 0x0, 0x0, 0x0, 0x0, 0x0, 0xdf, 0xff, 0x80, 0x0, 0x0,
    0x0, 0x0, 0x0, 0x0, 0x0, 0xdf, 0xff, 0x80, 0x0, 0x0, 0x0, 0x9d, 0xdd, 0xdd,
    0xdd, 0xff, 0xff, 0xed, 0xdd, 0xdd, 0xd8, 0xaf, 0xff, 0xff, 0xff, 0xff,
    0xff, 0xff, 0xff, 0xff, 0xfa, 0xaf, 0xff, 0xff, 0xff, 0xff, 0xff, 0xff,
    0xff, 0xff, 0xfa, 0xaf, 0xff, 0xff, 0xff, 0xff, 0xff, 0xff, 0xff, 0xff,
    0xfa,

    /* U+0032 "2" */
    0x0, 0x0, 0x0, 0x49, 0xdf, 0xff, 0xda, 0x60, 0x0, 0x0, 0x0, 0x0, 0x4, 0xdf,
    0xff, 0xff, 0xff, 0xff, 0xf6, 0x0, 0x0, 0x0, 0x8, 0xff, 0xff, 0xff, 0xff,
    0xff, 0xff, 0xfb, 0x0, 0x0, 0x7, 0xff, 0xff, 0xff, 0xfd, 0xef, 0xff, 0xff,
    0xfb, 0x0, 0x3, 0xff, 0xff, 0xf8, 0x20, 0x0, 0x16, 0xef, 0xff, 0xf8, 0x0,
    0xcf, 0xff, 0xf4, 0x0, 0x0, 0x0, 0x1, 0xdf, 0xff, 0xf1, 0x2f, 0xff, 0xf6,
    0x0, 0x0, 0x0, 0x0, 0x3, 0xff, 0xff, 0x67, 0xff, 0xfe, 0x0, 0x0, 0x0, 0x0,
    0x0, 0xd, 0xff, 0xf9, 0xaf, 0xff, 0xa0, 0x0, 0x0, 0x0, 0x0, 0x0, 0xaf, 0xff,
    0xbb, 0xff, 0xf8, 0x0, 0x0, 0x0, 0x0, 0x0, 0x9, 0xff, 0xfb, 0x34, 0x44,
    0x20, 0x0, 0x0, 0x0, 0x0, 0x0, 0xbf, 0xff, 0x90, 0x0, 0x0, 0x0, 0x0, 0x0,
    0x0, 0x0, 0xf, 0xff, 0xf5, 0x0, 0x0, 0x0, 0x0, 0x0, 0x0, 0x0, 0x8, 0xff,
    0xff, 0x0, 0x0, 0x0, 0x0, 0x0, 0x0, 0x0, 0x3, 0xff, 0xff, 0x80, 0x0, 0x0,
    0x0, 0x0, 0x0, 0x0, 0x3, 0xef, 0xff, 0xd0, 0x0, 0x0, 0x0, 0x0, 0x0, 0x0,
    0x3, 0xef, 0xff, 0xe2, 0x0, 0x0, 0x0, 0x0, 0x0, 0x0, 0x4, 0xff, 0xff, 0xf3,
    0x0, 0x0, 0x0, 0x0, 0x0, 0x0, 0x6, 0xff, 0xff, 0xf4, 0x0, 0x0, 0x0, 0x0,
    0x0, 0x0, 0x8, 0xff, 0xff, 0xe3, 0x0, 0x0, 0x0, 0x0, 0x0, 0x0, 0xa, 0xff,
    0xff, 0xe2, 0x0, 0x0, 0x0, 0x0, 0x0, 0x0, 0x1c, 0xff, 0xff, 0xc1, 0x0, 0x0,
    0x0, 0x0, 0x0, 0x0, 0x2e, 0xff, 0xff, 0xb0, 0x0, 0x0, 0x0, 0x0, 0x0, 0x0,
    0x4f, 0xff, 0xff, 0x90, 0x0, 0x0, 0x0, 0x0, 0x0, 0x0, 0x6f, 0xff, 0xff,
    0x60, 0x0, 0x0, 0x0, 0x0, 0x0, 0x0, 0x8f, 0xff, 0xff, 0x40, 0x0, 0x0, 0x0,
    0x0, 0x0, 0x0, 0xbf, 0xff, 0xfe, 0x30, 0x0, 0x0, 0x0, 0x0, 0x0, 0x0, 0xbf,
    0xff, 0xff, 0xee, 0xee, 0xee, 0xee, 0xee, 0xee, 0xee, 0xcc, 0xff, 0xff,
    0xff, 0xff, 0xff, 0xff, 0xff, 0xff, 0xff, 0xfe, 0xcf, 0xff, 0xff, 0xff,
    0xff, 0xff, 0xff, 0xff, 0xff, 0xff, 0xec, 0xff, 0xff, 0xff, 0xff, 0xff,
    0xff, 0xff, 0xff, 0xff, 0xfe,

    /* U+0033 "3" */
    0x0, 0x0, 0x0, 0x27, 0xbe, 0xff, 0xec, 0x95, 0x0, 0x0, 0x0, 0x0, 0x0, 0x1,
    0x9f, 0xff, 0xff, 0xff, 0xff, 0xff, 0x70, 0x0, 0x0, 0x0, 0x3, 0xef, 0xff,
    0xff, 0xff, 0xff, 0xff, 0xff, 0xd1, 0x0, 0x0, 0x2, 0xef, 0xff, 0xff, 0xec,
    0xcd, 0xff, 0xff, 0xff, 0xd1, 0x0, 0x0, 0xdf, 0xff, 0xfb, 0x30, 0x0, 0x0,
    0x5d, 0xff, 0xff, 0xa0, 0x0, 0x5f, 0xff, 0xf8, 0x0, 0x0, 0x0, 0x0, 0x1c,
    0xff, 0xff, 0x10, 0xa, 0xff, 0xfd, 0x0, 0x0, 0x0, 0x0, 0x0, 0x3f, 0xff,
    0xf5, 0x0, 0xdf, 0xff, 0x80, 0x0, 0x0, 0x0, 0x0, 0x0, 0xff, 0xff, 0x70, 0x8,
    0x99, 0x94, 0x0, 0x0, 0x0, 0x0, 0x0, 0xf, 0xff, 0xf6, 0x0, 0x0, 0x0, 0x0,
    0x0, 0x0, 0x0, 0x0, 0x4, 0xff, 0xff, 0x20, 0x0, 0x0, 0x0, 0x0, 0x0, 0x0,
    0x0, 0x2, 0xef, 0xff, 0xa0, 0x0, 0x0, 0x0, 0x0, 0x0, 0x0, 0x1, 0x4a, 0xff,
    0xff, 0xc0, 0x0, 0x0, 0x0, 0x0, 0x0, 0xaf, 0xff, 0xff, 0xff, 0xff, 0x90,
    0x0, 0x0, 0x0, 0x0, 0x0, 0xa, 0xff, 0xff, 0xff, 0xf9, 0x10, 0x0, 0x0, 0x0,
    0x0, 0x0, 0x0, 0xaf, 0xff, 0xff, 0xff, 0xfd, 0x60, 0x0, 0x0, 0x0, 0x0, 0x0,
    0x7, 0xbb, 0xbc, 0xff, 0xff, 0xff, 0xc1, 0x0, 0x0, 0x0, 0x0, 0x0, 0x0, 0x0,
    0x0, 0x4c, 0xff, 0xff, 0xd0, 0x0, 0x0, 0x0, 0x0, 0x0, 0x0, 0x0, 0x0, 0x8,
    0xff, 0xff, 0x80, 0x0, 0x0, 0x0, 0x0, 0x0, 0x0, 0x0, 0x0, 0xb, 0xff, 0xff,
    0x2, 0x44, 0x44, 0x0, 0x0, 0x0, 0x0, 0x0, 0x0, 0x4f, 0xff, 0xf4, 0x8f, 0xff,
    0xf0, 0x0, 0x0, 0x0, 0x0, 0x0, 0x1, 0xff, 0xff, 0x56, 0xff, 0xff, 0x10, 0x0,
    0x0, 0x0, 0x0, 0x0, 0x2f, 0xff, 0xf5, 0x3f, 0xff, 0xf6, 0x0, 0x0, 0x0, 0x0,
    0x0, 0x5, 0xff, 0xff, 0x30, 0xef, 0xff, 0xd0, 0x0, 0x0, 0x0, 0x0, 0x0, 0xcf,
    0xff, 0xf0, 0x7, 0xff, 0xff, 0xa0, 0x0, 0x0, 0x0, 0x0, 0xaf, 0xff, 0xf9,
    0x0, 0xd, 0xff, 0xff, 0xc4, 0x0, 0x0, 0x5, 0xdf, 0xff, 0xfe, 0x10, 0x0,
    0x2f, 0xff, 0xff, 0xff, 0xdc, 0xdf, 0xff, 0xff, 0xff, 0x40, 0x0, 0x0, 0x3e,
    0xff, 0xff, 0xff, 0xff, 0xff, 0xff, 0xfe, 0x40, 0x0, 0x0, 0x0, 0x19, 0xff,
    0xff, 0xff, 0xff, 0xff, 0xf9, 0x10, 0x0, 0x0, 0x0, 0x0, 0x1, 0x6b, 0xdf,
    0xff, 0xdb, 0x61, 0x0, 0x0, 0x0,

    /* U+0034 "4" */
    0x0, 0x0, 0x0, 0x0, 0x0, 0x0, 0x0, 0xbf, 0xff, 0xff, 0x30, 0x0, 0x0, 0x0,
    0x0, 0x0, 0x0, 0x0, 0x0, 0x7f, 0xff, 0xff, 0xf3, 0x0, 0x0, 0x0, 0x0, 0x0,
    0x0, 0x0, 0x0, 0x3f, 0xff, 0xff, 0xff, 0x30, 0x0, 0x0, 0x0, 0x0, 0x0, 0x0,
    0x0, 0x1e, 0xff, 0xff, 0xff, 0xf3, 0x0, 0x0, 0x0, 0x0, 0x0, 0x0, 0x0, 0xa,
    0xff, 0xff, 0xff, 0xff, 0x30, 0x0, 0x0, 0x0, 0x0, 0x0, 0x0, 0x6, 0xff, 0xff,
    0x5f, 0xff, 0xf3, 0x0, 0x0, 0x0, 0x0, 0x0, 0x0, 0x2, 0xff, 0xff, 0x82, 0xff,
    0xff, 0x30, 0x0, 0x0, 0x0, 0x0, 0x0, 0x0, 0xdf, 0xff, 0xc0, 0x2f, 0xff,
    0xf3, 0x0, 0x0, 0x0, 0x0, 0x0, 0x0, 0xaf, 0xff, 0xe1, 0x2, 0xff, 0xff, 0x30,
    0x0, 0x0, 0x0, 0x0, 0x0, 0x5f, 0xff, 0xf5, 0x0, 0x2f, 0xff, 0xf3, 0x0, 0x0,
    0x0, 0x0, 0x0, 0x2f, 0xff, 0xf9, 0x0, 0x2, 0xff, 0xff, 0x30, 0x0, 0x0, 0x0,
    0x0, 0xc, 0xff, 0xfd, 0x0, 0x0, 0x2f, 0xff, 0xf3, 0x0, 0x0, 0x0, 0x0, 0x9,
    0xff, 0xff, 0x20, 0x0, 0x2, 0xff, 0xff, 0x30, 0x0, 0x0, 0x0, 0x4, 0xff,
    0xff, 0x60, 0x0, 0x0, 0x2f, 0xff, 0xf3, 0x0, 0x0, 0x0, 0x1, 0xef, 0xff,
    0xa0, 0x0, 0x0, 0x2, 0xff, 0xff, 0x30, 0x0, 0x0, 0x0, 0xcf, 0xff, 0xd0, 0x0,
    0x0, 0x0, 0x2f, 0xff, 0xf3, 0x0, 0x0, 0x0, 0x8f, 0xff, 0xf3, 0x0, 0x0, 0x0,
    0x2, 0xff, 0xff, 0x30, 0x0, 0x0, 0x4f, 0xff, 0xf7, 0x0, 0x0, 0x0, 0x0, 0x2f,
    0xff, 0xf3, 0x0, 0x0, 0x1e, 0xff, 0xfb, 0x0, 0x0, 0x0, 0x0, 0x2, 0xff, 0xff,
    0x30, 0x0, 0x8, 0xff, 0xff, 0xdc, 0xcc, 0xcc, 0xcc, 0xcc, 0xdf, 0xff, 0xfd,
    0xcc, 0xc8, 0x9f, 0xff, 0xff, 0xff, 0xff, 0xff, 0xff, 0xff, 0xff, 0xff,
    0xff, 0xff, 0xa9, 0xff, 0xff, 0xff, 0xff, 0xff, 0xff, 0xff, 0xff, 0xff,
    0xff, 0xff, 0xfa, 0x9f, 0xff, 0xff, 0xff, 0xff, 0xff, 0xff, 0xff, 0xff,
    0xff, 0xff, 0xff, 0xa0, 0x0, 0x0, 0x0, 0x0, 0x0, 0x0, 0x0, 0x2f, 0xff, 0xf3,
    0x0, 0x0, 0x0, 0x0, 0x0, 0x0, 0x0, 0x0, 0x0, 0x2, 0xff, 0xff, 0x30, 0x0,
    0x0, 0x0, 0x0, 0x0, 0x0, 0x0, 0x0, 0x0, 0x2f, 0xff, 0xf3, 0x0, 0x0, 0x0,
    0x0, 0x0, 0x0, 0x0, 0x0, 0x0, 0x2, 0xff, 0xff, 0x30, 0x0, 0x0, 0x0, 0x0,
    0x0, 0x0, 0x0, 0x0, 0x0, 0x2f, 0xff, 0xf3, 0x0, 0x0, 0x0, 0x0, 0x0, 0x0,
    0x0, 0x0, 0x0, 0x2, 0xff, 0xff, 0x30, 0x0, 0x0, 0x0, 0x0, 0x0, 0x0, 0x0,
    0x0, 0x0, 0x2f, 0xff, 0xf3, 0x0, 0x0,

    /* U+0035 "5" */
    0x0, 0xdf, 0xff, 0xff, 0xff, 0xff, 0xff, 0xff, 0xff, 0xff, 0x70, 0x0, 0xe,
    0xff, 0xff, 0xff, 0xff, 0xff, 0xff, 0xff, 0xff, 0xf7, 0x0, 0x0, 0xff, 0xff,
    0xff, 0xff, 0xff, 0xff, 0xff, 0xff, 0xff, 0x70, 0x0, 0xf, 0xff, 0xfe, 0xee,
    0xee, 0xee, 0xee, 0xee, 0xee, 0xe6, 0x0, 0x1, 0xff, 0xff, 0x30, 0x0, 0x0,
    0x0, 0x0, 0x0, 0x0, 0x0, 0x0, 0x2f, 0xff, 0xf2, 0x0, 0x0, 0x0, 0x0, 0x0,
    0x0, 0x0, 0x0, 0x3, 0xff, 0xff, 0x0, 0x0, 0x0, 0x0, 0x0, 0x0, 0x0, 0x0, 0x0,
    0x4f, 0xff, 0xf0, 0x0, 0x0, 0x0, 0x0, 0x0, 0x0, 0x0, 0x0, 0x5, 0xff, 0xfe,
    0x0, 0x0, 0x0, 0x0, 0x0, 0x0, 0x0, 0x0, 0x0, 0x6f, 0xff, 0xc0, 0x0, 0x49,
    0xbc, 0xb9, 0x50, 0x0, 0x0, 0x0, 0x7, 0xff, 0xfb, 0x6, 0xef, 0xff, 0xff,
    0xff, 0xe6, 0x0, 0x0, 0x0, 0x8f, 0xff, 0xab, 0xff, 0xff, 0xff, 0xff, 0xff,
    0xfb, 0x0, 0x0, 0x9, 0xff, 0xff, 0xff, 0xff, 0xff, 0xff, 0xff, 0xff, 0xfb,
    0x0, 0x0, 0xaf, 0xff, 0xff, 0xfa, 0x42, 0x1, 0x3a, 0xff, 0xff, 0xf7, 0x0,
    0xb, 0xff, 0xff, 0xd2, 0x0, 0x0, 0x0, 0x4, 0xff, 0xff, 0xf1, 0x0, 0xcf,
    0xff, 0xf2, 0x0, 0x0, 0x0, 0x0, 0x6, 0xff, 0xff, 0x70, 0x8, 0xbb, 0xb6, 0x0,
    0x0, 0x0, 0x0, 0x0, 0xd, 0xff, 0xfc, 0x0, 0x0, 0x0, 0x0, 0x0, 0x0, 0x0, 0x0,
    0x0, 0x7f, 0xff, 0xf0, 0x0, 0x0, 0x0, 0x0, 0x0, 0x0, 0x0, 0x0, 0x4, 0xff,
    0xff, 0x10, 0x0, 0x0, 0x0, 0x0, 0x0, 0x0, 0x0, 0x0, 0x3f, 0xff, 0xf2, 0x16,
    0x66, 0x61, 0x0, 0x0, 0x0, 0x0, 0x0, 0x4, 0xff, 0xff, 0x11, 0xff, 0xff,
    0x60, 0x0, 0x0, 0x0, 0x0, 0x0, 0x6f, 0xff, 0xf0, 0xe, 0xff, 0xfb, 0x0, 0x0,
    0x0, 0x0, 0x0, 0xc, 0xff, 0xfc, 0x0, 0xaf, 0xff, 0xf4, 0x0, 0x0, 0x0, 0x0,
    0x4, 0xff, 0xff, 0x70, 0x3, 0xff, 0xff, 0xe3, 0x0, 0x0, 0x0, 0x2, 0xef,
    0xff, 0xf1, 0x0, 0x9, 0xff, 0xff, 0xf8, 0x10, 0x0, 0x17, 0xff, 0xff, 0xf7,
    0x0, 0x0, 0xb, 0xff, 0xff, 0xff, 0xed, 0xdf, 0xff, 0xff, 0xfb, 0x0, 0x0,
    0x0, 0xa, 0xff, 0xff, 0xff, 0xff, 0xff, 0xff, 0xfb, 0x0, 0x0, 0x0, 0x0, 0x5,
    0xef, 0xff, 0xff, 0xff, 0xff, 0xe6, 0x0, 0x0, 0x0, 0x0, 0x0, 0x0, 0x5a,
    0xdf, 0xff, 0xda, 0x60, 0x0, 0x0, 0x0,

    /* U+0036 "6" */
    0x0, 0x0, 0x0, 0x1, 0x6a, 0xef, 0xfe, 0xc8, 0x30, 0x0, 0x0, 0x0, 0x0, 0x0,
    0x7, 0xff, 0xff, 0xff, 0xff, 0xff, 0xc3, 0x0, 0x0, 0x0, 0x0, 0xb, 0xff,
    0xff, 0xff, 0xff, 0xff, 0xff, 0xf6, 0x0, 0x0, 0x0, 0xb, 0xff, 0xff, 0xff,
    0xdc, 0xef, 0xff, 0xff, 0xf5, 0x0, 0x0, 0x8, 0xff, 0xff, 0xd5, 0x0, 0x0,
    0x19, 0xff, 0xff, 0xf1, 0x0, 0x2, 0xff, 0xff, 0xc0, 0x0, 0x0, 0x0, 0x7,
    0xff, 0xff, 0x80, 0x0, 0x9f, 0xff, 0xd1, 0x0, 0x0, 0x0, 0x0, 0xb, 0xff,
    0xfd, 0x0, 0xf, 0xff, 0xf5, 0x0, 0x0, 0x0, 0x0, 0x0, 0x4a, 0xaa, 0xa0, 0x4,
    0xff, 0xfd, 0x0, 0x0, 0x0, 0x0, 0x0, 0x0, 0x0, 0x0, 0x0, 0x9f, 0xff, 0x90,
    0x0, 0x0, 0x0, 0x0, 0x0, 0x0, 0x0, 0x0, 0xc, 0xff, 0xf5, 0x0, 0x28, 0xce,
    0xff, 0xd9, 0x30, 0x0, 0x0, 0x0, 0xff, 0xff, 0x20, 0x9f, 0xff, 0xff, 0xff,
    0xff, 0xb1, 0x0, 0x0, 0x1f, 0xff, 0xf2, 0xdf, 0xff, 0xff, 0xff, 0xff, 0xff,
    0xe4, 0x0, 0x3, 0xff, 0xff, 0xbf, 0xff, 0xfe, 0xcd, 0xff, 0xff, 0xff, 0xf2,
    0x0, 0x3f, 0xff, 0xff, 0xff, 0xb3, 0x0, 0x0, 0x5e, 0xff, 0xff, 0xd0, 0x4,
    0xff, 0xff, 0xff, 0x80, 0x0, 0x0, 0x0, 0x1c, 0xff, 0xff, 0x60, 0x4f, 0xff,
    0xff, 0xb0, 0x0, 0x0, 0x0, 0x0, 0x1e, 0xff, 0xfd, 0x3, 0xff, 0xff, 0xf2,
    0x0, 0x0, 0x0, 0x0, 0x0, 0x8f, 0xff, 0xf1, 0x2f, 0xff, 0xfc, 0x0, 0x0, 0x0,
    0x0, 0x0, 0x2, 0xff, 0xff, 0x40, 0xff, 0xff, 0xa0, 0x0, 0x0, 0x0, 0x0, 0x0,
    0xf, 0xff, 0xf5, 0xd, 0xff, 0xfa, 0x0, 0x0, 0x0, 0x0, 0x0, 0x1, 0xff, 0xff,
    0x50, 0xaf, 0xff, 0xd0, 0x0, 0x0, 0x0, 0x0, 0x0, 0x3f, 0xff, 0xf4, 0x5,
    0xff, 0xff, 0x30, 0x0, 0x0, 0x0, 0x0, 0x9, 0xff, 0xff, 0x10, 0xf, 0xff,
    0xfb, 0x0, 0x0, 0x0, 0x0, 0x2, 0xff, 0xff, 0xc0, 0x0, 0x8f, 0xff, 0xf9, 0x0,
    0x0, 0x0, 0x2, 0xdf, 0xff, 0xf5, 0x0, 0x0, 0xef, 0xff, 0xfc, 0x40, 0x0,
    0x17, 0xff, 0xff, 0xfc, 0x0, 0x0, 0x4, 0xff, 0xff, 0xff, 0xfd, 0xef, 0xff,
    0xff, 0xfe, 0x20, 0x0, 0x0, 0x4, 0xff, 0xff, 0xff, 0xff, 0xff, 0xff, 0xfd,
    0x20, 0x0, 0x0, 0x0, 0x2, 0xbf, 0xff, 0xff, 0xff, 0xff, 0xf9, 0x0, 0x0, 0x0,
    0x0, 0x0, 0x0, 0x38, 0xce, 0xff, 0xeb, 0x71, 0x0, 0x0, 0x0,

    /* U+0037 "7" */
    0x8f, 0xff, 0xff, 0xff, 0xff, 0xff, 0xff, 0xff, 0xff, 0xff, 0x98, 0xff,
    0xff, 0xff, 0xff, 0xff, 0xff, 0xff, 0xff, 0xff, 0xf9, 0x8f, 0xff, 0xff,
    0xff, 0xff, 0xff, 0xff, 0xff, 0xff, 0xff, 0x98, 0xff, 0xff, 0xff, 0xff,
    0xff, 0xff, 0xff, 0xff, 0xff, 0xf9, 0x0, 0x0, 0x0, 0x0, 0x0, 0x0, 0x0, 0x4,
    0xff, 0xff, 0x50, 0x0, 0x0, 0x0, 0x0, 0x0, 0x0, 0x0, 0xcf, 0xff, 0xd0, 0x0,
    0x0, 0x0, 0x0, 0x0, 0x0, 0x0, 0x4f, 0xff, 0xf5, 0x0, 0x0, 0x0, 0x0, 0x0,
    0x0, 0x0, 0xd, 0xff, 0xfd, 0x0, 0x0, 0x0, 0x0, 0x0, 0x0, 0x0, 0x5, 0xff,
    0xff, 0x50, 0x0, 0x0, 0x0, 0x0, 0x0, 0x0, 0x0, 0xdf, 0xff, 0xc0, 0x0, 0x0,
    0x0, 0x0, 0x0, 0x0, 0x0, 0x6f, 0xff, 0xf4, 0x0, 0x0, 0x0, 0x0, 0x0, 0x0,
    0x0, 0xd, 0xff, 0xfc, 0x0, 0x0, 0x0, 0x0, 0x0, 0x0, 0x0, 0x6, 0xff, 0xff,
    0x40, 0x0, 0x0, 0x0, 0x0, 0x0, 0x0, 0x0, 0xef, 0xff, 0xc0, 0x0, 0x0, 0x0,
    0x0, 0x0, 0x0, 0x0, 0x7f, 0xff, 0xf3, 0x0, 0x0, 0x0, 0x0, 0x0, 0x0, 0x0,
    0xe, 0xff, 0xfb, 0x0, 0x0, 0x0, 0x0, 0x0, 0x0, 0x0, 0x7, 0xff, 0xff, 0x30,
    0x0, 0x0, 0x0, 0x0, 0x0, 0x0, 0x0, 0xef, 0xff, 0xb0, 0x0, 0x0, 0x0, 0x0,
    0x0, 0x0, 0x0, 0x8f, 0xff, 0xf3, 0x0, 0x0, 0x0, 0x0, 0x0, 0x0, 0x0, 0x1f,
    0xff, 0xfa, 0x0, 0x0, 0x0, 0x0, 0x0, 0x0, 0x0, 0x8, 0xff, 0xff, 0x20, 0x0,
    0x0, 0x0, 0x0, 0x0, 0x0, 0x1, 0xff, 0xff, 0xa0, 0x0, 0x0, 0x0, 0x0, 0x0,
    0x0, 0x0, 0x9f, 0xff, 0xf2, 0x0, 0x0, 0x0, 0x0, 0x0, 0x0, 0x0, 0x1f, 0xff,
    0xf9, 0x0, 0x0, 0x0, 0x0, 0x0, 0x0, 0x0, 0x9, 0xff, 0xff, 0x20, 0x0, 0x0,
    0x0, 0x0, 0x0, 0x0, 0x2, 0xff, 0xff, 0x90, 0x0, 0x0, 0x0, 0x0, 0x0, 0x0,
    0x0, 0xaf, 0xff, 0xf1, 0x0, 0x0, 0x0, 0x0, 0x0, 0x0, 0x0, 0x2f, 0xff, 0xf9,
    0x0, 0x0, 0x0, 0x0, 0x0, 0x0, 0x0, 0xa, 0xff, 0xff, 0x10, 0x0, 0x0, 0x0,
    0x0, 0x0, 0x0, 0x2, 0xff, 0xff, 0x80, 0x0, 0x0, 0x0, 0x0, 0x0, 0x0,

    /* U+0038 "8" */
    0x0, 0x0, 0x0, 0x5, 0xad, 0xef, 0xed, 0xa5, 0x10, 0x0, 0x0, 0x0, 0x0, 0x0,
    0x6e, 0xff, 0xff, 0xff, 0xff, 0xff, 0x70, 0x0, 0x0, 0x0, 0x0, 0xcf, 0xff,
    0xff, 0xff, 0xff, 0xff, 0xff, 0xc1, 0x0, 0x0, 0x0, 0xcf, 0xff, 0xff, 0xfc,
    0xbc, 0xff, 0xff, 0xff, 0xc0, 0x0, 0x0, 0x7f, 0xff, 0xfe, 0x50, 0x0, 0x0,
    0x5e, 0xff, 0xff, 0x80, 0x0, 0xd, 0xff, 0xfe, 0x20, 0x0, 0x0, 0x0, 0x1e,
    0xff, 0xfe, 0x0, 0x1, 0xff, 0xff, 0x70, 0x0, 0x0, 0x0, 0x0, 0x6f, 0xff,
    0xf2, 0x0, 0x2f, 0xff, 0xf4, 0x0, 0x0, 0x0, 0x0, 0x3, 0xff, 0xff, 0x30, 0x1,
    0xff, 0xff, 0x40, 0x0, 0x0, 0x0, 0x0, 0x4f, 0xff, 0xf1, 0x0, 0xd, 0xff,
    0xf9, 0x0, 0x0, 0x0, 0x0, 0x9, 0xff, 0xfd, 0x0, 0x0, 0x5f, 0xff, 0xf5, 0x0,
    0x0, 0x0, 0x4, 0xff, 0xff, 0x60, 0x0, 0x0, 0x9f, 0xff, 0xfa, 0x41, 0x1,
    0x4a, 0xff, 0xff, 0x90, 0x0, 0x0, 0x0, 0x7f, 0xff, 0xff, 0xff, 0xff, 0xff,
    0xff, 0x70, 0x0, 0x0, 0x0, 0x0, 0x7, 0xef, 0xff, 0xff, 0xff, 0xf8, 0x10,
    0x0, 0x0, 0x0, 0x0, 0x4c, 0xff, 0xff, 0xff, 0xff, 0xff, 0xfd, 0x50, 0x0,
    0x0, 0x0, 0x9f, 0xff, 0xff, 0xeb, 0xab, 0xef, 0xff, 0xff, 0x90, 0x0, 0x0,
    0x8f, 0xff, 0xfc, 0x40, 0x0, 0x0, 0x3c, 0xff, 0xff, 0x90, 0x0, 0x3f, 0xff,
    0xfb, 0x0, 0x0, 0x0, 0x0, 0xa, 0xff, 0xff, 0x40, 0xa, 0xff, 0xfe, 0x0, 0x0,
    0x0, 0x0, 0x0, 0xe, 0xff, 0xfb, 0x0, 0xff, 0xff, 0x80, 0x0, 0x0, 0x0, 0x0,
    0x0, 0x7f, 0xff, 0xf1, 0x2f, 0xff, 0xf5, 0x0, 0x0, 0x0, 0x0, 0x0, 0x4, 0xff,
    0xff, 0x33, 0xff, 0xff, 0x40, 0x0, 0x0, 0x0, 0x0, 0x0, 0x4f, 0xff, 0xf4,
    0x2f, 0xff, 0xf7, 0x0, 0x0, 0x0, 0x0, 0x0, 0x6, 0xff, 0xff, 0x30, 0xff,
    0xff, 0xd0, 0x0, 0x0, 0x0, 0x0, 0x0, 0xcf, 0xff, 0xf0, 0x9, 0xff, 0xff,
    0x90, 0x0, 0x0, 0x0, 0x0, 0x8f, 0xff, 0xfb, 0x0, 0x2f, 0xff, 0xff, 0xb3,
    0x0, 0x0, 0x3, 0xbf, 0xff, 0xff, 0x20, 0x0, 0x5f, 0xff, 0xff, 0xfe, 0xcb,
    0xbe, 0xff, 0xff, 0xff, 0x60, 0x0, 0x0, 0x5f, 0xff, 0xff, 0xff, 0xff, 0xff,
    0xff, 0xff, 0x60, 0x0, 0x0, 0x0, 0x2a, 0xff, 0xff, 0xff, 0xff, 0xff, 0xfb,
    0x20, 0x0, 0x0, 0x0, 0x0, 0x2, 0x7b, 0xdf, 0xff, 0xdb, 0x72, 0x0, 0x0, 0x0,

    /* U+0039 "9" */
    0x0, 0x0, 0x0, 0x17, 0xbd, 0xff, 0xec, 0x83, 0x0, 0x0, 0x0, 0x0, 0x0, 0x1,
    0x9f, 0xff, 0xff, 0xff, 0xff, 0xfc, 0x20, 0x0, 0x0, 0x0, 0x3, 0xef, 0xff,
    0xff, 0xff, 0xff, 0xff, 0xff, 0x50, 0x0, 0x0, 0x2, 0xff, 0xff, 0xff, 0xfe,
    0xdf, 0xff, 0xff, 0xff, 0x50, 0x0, 0x0, 0xdf, 0xff, 0xfe, 0x71, 0x0, 0x3,
    0xaf, 0xff, 0xfe, 0x10, 0x0, 0x6f, 0xff, 0xfd, 0x10, 0x0, 0x0, 0x0, 0x5f,
    0xff, 0xfa, 0x0, 0xd, 0xff, 0xfe, 0x10, 0x0, 0x0, 0x0, 0x0, 0x8f, 0xff,
    0xf1, 0x1, 0xff, 0xff, 0x80, 0x0, 0x0, 0x0, 0x0, 0x0, 0xef, 0xff, 0x70,
    0x3f, 0xff, 0xf3, 0x0, 0x0, 0x0, 0x0, 0x0, 0xa, 0xff, 0xfc, 0x4, 0xff, 0xff,
    0x10, 0x0, 0x0, 0x0, 0x0, 0x0, 0x9f, 0xff, 0xf0, 0x3f, 0xff, 0xf3, 0x0, 0x0,
    0x0, 0x0, 0x0, 0xa, 0xff, 0xff, 0x21, 0xff, 0xff, 0x70, 0x0, 0x0, 0x0, 0x0,
    0x0, 0xef, 0xff, 0xf3, 0xd, 0xff, 0xfe, 0x0, 0x0, 0x0, 0x0, 0x0, 0x7f, 0xff,
    0xff, 0x40, 0x7f, 0xff, 0xfb, 0x0, 0x0, 0x0, 0x0, 0x5f, 0xff, 0xff, 0xf5,
    0x0, 0xef, 0xff, 0xfd, 0x50, 0x0, 0x2, 0x9f, 0xff, 0xff, 0xff, 0x50, 0x3,
    0xff, 0xff, 0xff, 0xfd, 0xce, 0xff, 0xff, 0xdf, 0xff, 0xf5, 0x0, 0x4, 0xff,
    0xff, 0xff, 0xff, 0xff, 0xff, 0xe2, 0xff, 0xff, 0x40, 0x0, 0x2, 0xcf, 0xff,
    0xff, 0xff, 0xff, 0xa1, 0x2f, 0xff, 0xf2, 0x0, 0x0, 0x0, 0x49, 0xdf, 0xfe,
    0xc8, 0x30, 0x3, 0xff, 0xff, 0x0, 0x0, 0x0, 0x0, 0x0, 0x0, 0x0, 0x0, 0x0,
    0x7f, 0xff, 0xd0, 0x0, 0x0, 0x0, 0x0, 0x0, 0x0, 0x0, 0x0, 0xa, 0xff, 0xfa,
    0x0, 0x33, 0x33, 0x0, 0x0, 0x0, 0x0, 0x0, 0x0, 0xff, 0xff, 0x50, 0xf, 0xff,
    0xf6, 0x0, 0x0, 0x0, 0x0, 0x0, 0x6f, 0xff, 0xf1, 0x0, 0xbf, 0xff, 0xd0, 0x0,
    0x0, 0x0, 0x0, 0x1e, 0xff, 0xfa, 0x0, 0x6, 0xff, 0xff, 0x80, 0x0, 0x0, 0x0,
    0x1c, 0xff, 0xff, 0x20, 0x0, 0xd, 0xff, 0xff, 0xa2, 0x0, 0x0, 0x6e, 0xff,
    0xff, 0x80, 0x0, 0x0, 0x3f, 0xff, 0xff, 0xfe, 0xcd, 0xff, 0xff, 0xff, 0xc0,
    0x0, 0x0, 0x0, 0x4f, 0xff, 0xff, 0xff, 0xff, 0xff, 0xff, 0xc0, 0x0, 0x0,
    0x0, 0x0, 0x1b, 0xff, 0xff, 0xff, 0xff, 0xff, 0x70, 0x0, 0x0, 0x0, 0x0, 0x0,
    0x3, 0x8c, 0xef, 0xfe, 0xb6, 0x10, 0x0, 0x0, 0x0,

    /* U+003A ":" */
    0x1, 0xaf, 0xd5, 0x0, 0xbf, 0xff, 0xf3, 0xf, 0xff, 0xff, 0x80, 0xff, 0xff,
    0xf7, 0x8, 0xff, 0xfe, 0x10, 0x5, 0xa8, 0x10, 0x0, 0x0, 0x0, 0x0, 0x0, 0x0,
    0x0, 0x0, 0x0, 0x0, 0x0, 0x0, 0x0, 0x0, 0x0, 0x0, 0x0, 0x0, 0x0, 0x0, 0x0,
    0x0, 0x0, 0x0, 0x0, 0x0, 0x0, 0x0, 0x0, 0x0, 0x0, 0x0, 0x5, 0xa8, 0x10, 0x8,
    0xff, 0xfe, 0x10, 0xff, 0xff, 0xf7, 0xf, 0xff, 0xff, 0x80, 0xbf, 0xff, 0xf3,
    0x1, 0xaf, 0xd5, 0x0,

    /* U+003B ";" */
    0x0, 0x29, 0xa4, 0x0, 0x2f, 0xff, 0xf6, 0x9, 0xff, 0xff, 0xe0, 0xaf, 0xff,
    0xfe, 0x5, 0xff, 0xff, 0x90, 0x6, 0xee, 0x90, 0x0, 0x0, 0x0, 0x0, 0x0, 0x0,
    0x0, 0x0, 0x0, 0x0, 0x0, 0x0, 0x0, 0x0, 0x0, 0x0, 0x0, 0x0, 0x0, 0x0, 0x0,
    0x0, 0x0, 0x0, 0x0, 0x0, 0x0, 0x0, 0x0, 0x0, 0x0, 0x0, 0x0, 0x0, 0x0, 0x0,
    0x66, 0x66, 0x20, 0x2f, 0xff, 0xf3, 0x4, 0xff, 0xfe, 0x0, 0x7f, 0xff, 0x90,
    0xa, 0xff, 0xf5, 0x0, 0xcf, 0xff, 0x0, 0xf, 0xff, 0xb0, 0x1, 0xff, 0xf7,
    0x0, 0x4f, 0xff, 0x20, 0x7, 0xff, 0xd0, 0x0, 0x9f, 0xf9, 0x0, 0x0,

    /* U+003C "<" */
    0x0, 0x0, 0x0, 0x0, 0x0, 0x0, 0x0, 0x0, 0x0, 0x0, 0x10, 0x0, 0x0, 0x0, 0x0,
    0x0, 0x0, 0x0, 0x0, 0x6, 0xe6, 0x0, 0x0, 0x0, 0x0, 0x0, 0x0, 0x0, 0x0, 0x7e,
    0xff, 0x60, 0x0, 0x0, 0x0, 0x0, 0x0, 0x0, 0x7, 0xef, 0xff, 0xf6, 0x0, 0x0,
    0x0, 0x0, 0x0, 0x1, 0x8e, 0xff, 0xff, 0xff, 0x60, 0x0, 0x0, 0x0, 0x0, 0x18,
    0xff, 0xff, 0xff, 0xff, 0x81, 0x0, 0x0, 0x0, 0x1, 0x9f, 0xff, 0xff, 0xff,
    0xe7, 0x0, 0x0, 0x0, 0x0, 0x29, 0xff, 0xff, 0xff, 0xfc, 0x50, 0x0, 0x0, 0x0,
    0x2, 0xaf, 0xff, 0xff, 0xff, 0xb4, 0x0, 0x0, 0x0, 0x0, 0x3a, 0xff, 0xff,
    0xff, 0xfa, 0x20, 0x0, 0x0, 0x0, 0x0, 0x4f, 0xff, 0xff, 0xfe, 0x81, 0x0,
    0x0, 0x0, 0x0, 0x0, 0x5, 0xff, 0xff, 0xf7, 0x0, 0x0, 0x0, 0x0, 0x0, 0x0,
    0x0, 0x5f, 0xff, 0xff, 0xc5, 0x0, 0x0, 0x0, 0x0, 0x0, 0x0, 0x2, 0xdf, 0xff,
    0xff, 0xfd, 0x60, 0x0, 0x0, 0x0, 0x0, 0x0, 0x0, 0x5d, 0xff, 0xff, 0xff,
    0xe8, 0x10, 0x0, 0x0, 0x0, 0x0, 0x0, 0x4, 0xcf, 0xff, 0xff, 0xff, 0x92, 0x0,
    0x0, 0x0, 0x0, 0x0, 0x0, 0x4c, 0xff, 0xff, 0xff, 0xfa, 0x30, 0x0, 0x0, 0x0,
    0x0, 0x0, 0x3, 0xbf, 0xff, 0xff, 0xff, 0xc5, 0x0, 0x0, 0x0, 0x0, 0x0, 0x0,
    0x3b, 0xff, 0xff, 0xff, 0xfd, 0x30, 0x0, 0x0, 0x0, 0x0, 0x0, 0x2, 0xaf,
    0xff, 0xff, 0xf6, 0x0, 0x0, 0x0, 0x0, 0x0, 0x0, 0x0, 0x2a, 0xff, 0xff, 0x60,
    0x0, 0x0, 0x0, 0x0, 0x0, 0x0, 0x0, 0x2, 0x9f, 0xf6, 0x0, 0x0, 0x0, 0x0, 0x0,
    0x0, 0x0, 0x0, 0x0, 0x19, 0x60, 0x0, 0x0, 0x0, 0x0, 0x0, 0x0, 0x0, 0x0, 0x0,
    0x0,

    /* U+003D "=" */
    0xff, 0xff, 0xff, 0xff, 0xff, 0xff, 0xff, 0xff, 0xff, 0xf1, 0xff, 0xff,
    0xff, 0xff, 0xff, 0xff, 0xff, 0xff, 0xff, 0xf1, 0xff, 0xff, 0xff, 0xff,
    0xff, 0xff, 0xff, 0xff, 0xff, 0xf1, 0xdd, 0xdd, 0xdd, 0xdd, 0xdd, 0xdd,
    0xdd, 0xdd, 0xdd, 0xd1, 0x0, 0x0, 0x0, 0x0, 0x0, 0x0, 0x0, 0x0, 0x0, 0x0,
    0x0, 0x0, 0x0, 0x0, 0x0, 0x0, 0x0, 0x0, 0x0, 0x0, 0x0, 0x0, 0x0, 0x0, 0x0,
    0x0, 0x0, 0x0, 0x0, 0x0, 0x0, 0x0, 0x0, 0x0, 0x0, 0x0, 0x0, 0x0, 0x0, 0x0,
    0x0, 0x0, 0x0, 0x0, 0x0, 0x0, 0x0, 0x0, 0x0, 0x0, 0xff, 0xff, 0xff, 0xff,
    0xff, 0xff, 0xff, 0xff, 0xff, 0xf1, 0xff, 0xff, 0xff, 0xff, 0xff, 0xff,
    0xff, 0xff, 0xff, 0xf1, 0xff, 0xff, 0xff, 0xff, 0xff, 0xff, 0xff, 0xff,
    0xff, 0xf1, 0xdd, 0xdd, 0xdd, 0xdd, 0xdd, 0xdd, 0xdd, 0xdd, 0xdd, 0xd1,

    /* U+003E ">" */
    0x10, 0x0, 0x0, 0x0, 0x0, 0x0, 0x0, 0x0, 0x0, 0x0, 0x5, 0xe7, 0x0, 0x0, 0x0,
    0x0, 0x0, 0x0, 0x0, 0x0, 0x0, 0x5f, 0xfe, 0x71, 0x0, 0x0, 0x0, 0x0, 0x0,
    0x0, 0x0, 0x5, 0xff, 0xff, 0xf8, 0x10, 0x0, 0x0, 0x0, 0x0, 0x0, 0x0, 0x5f,
    0xff, 0xff, 0xff, 0x81, 0x0, 0x0, 0x0, 0x0, 0x0, 0x1, 0x8e, 0xff, 0xff,
    0xff, 0xf9, 0x10, 0x0, 0x0, 0x0, 0x0, 0x0, 0x6, 0xdf, 0xff, 0xff, 0xff,
    0x92, 0x0, 0x0, 0x0, 0x0, 0x0, 0x0, 0x5c, 0xff, 0xff, 0xff, 0xfa, 0x20, 0x0,
    0x0, 0x0, 0x0, 0x0, 0x3, 0xaf, 0xff, 0xff, 0xff, 0xa3, 0x0, 0x0, 0x0, 0x0,
    0x0, 0x0, 0x29, 0xff, 0xff, 0xff, 0xfb, 0x30, 0x0, 0x0, 0x0, 0x0, 0x0, 0x1,
    0x7e, 0xff, 0xff, 0xff, 0x50, 0x0, 0x0, 0x0, 0x0, 0x0, 0x0, 0x6, 0xff, 0xff,
    0xf6, 0x0, 0x0, 0x0, 0x0, 0x0, 0x0, 0x4, 0xbf, 0xff, 0xff, 0x60, 0x0, 0x0,
    0x0, 0x0, 0x0, 0x5d, 0xff, 0xff, 0xff, 0xd3, 0x0, 0x0, 0x0, 0x0, 0x7, 0xef,
    0xff, 0xff, 0xfd, 0x50, 0x0, 0x0, 0x0, 0x1, 0x8f, 0xff, 0xff, 0xff, 0xd5,
    0x0, 0x0, 0x0, 0x0, 0x3a, 0xff, 0xff, 0xff, 0xfc, 0x50, 0x0, 0x0, 0x0, 0x4,
    0xbf, 0xff, 0xff, 0xff, 0xc4, 0x0, 0x0, 0x0, 0x0, 0x2d, 0xff, 0xff, 0xff,
    0xfb, 0x40, 0x0, 0x0, 0x0, 0x0, 0x5, 0xff, 0xff, 0xff, 0xb3, 0x0, 0x0, 0x0,
    0x0, 0x0, 0x0, 0x5f, 0xff, 0xfa, 0x30, 0x0, 0x0, 0x0, 0x0, 0x0, 0x0, 0x5,
    0xff, 0xa2, 0x0, 0x0, 0x0, 0x0, 0x0, 0x0, 0x0, 0x0, 0x49, 0x20, 0x0, 0x0,
    0x0, 0x0, 0x0, 0x0, 0x0, 0x0, 0x0, 0x0, 0x0, 0x0, 0x0, 0x0, 0x0, 0x0, 0x0,
    0x0, 0x0,

    /* U+003F "?" */
    0x0, 0x0, 0x1, 0x6b, 0xdf, 0xfe, 0xc9, 0x40, 0x0, 0x0, 0x0, 0x0, 0x6f, 0xff,
    0xff, 0xff, 0xff, 0xfd, 0x40, 0x0, 0x0, 0xb, 0xff, 0xff, 0xff, 0xff, 0xff,
    0xff, 0xf7, 0x0, 0x0, 0xbf, 0xff, 0xff, 0xfd, 0xcd, 0xff, 0xff, 0xff, 0x60,
    0x7, 0xff, 0xff, 0xe5, 0x0, 0x0, 0x18, 0xff, 0xff, 0xf1, 0xe, 0xff, 0xfd,
    0x10, 0x0, 0x0, 0x0, 0x5f, 0xff, 0xf7, 0x5f, 0xff, 0xf4, 0x0, 0x0, 0x0, 0x0,
    0xc, 0xff, 0xfb, 0x8f, 0xff, 0xe0, 0x0, 0x0, 0x0, 0x0, 0x9, 0xff, 0xfc,
    0xaf, 0xff, 0xc0, 0x0, 0x0, 0x0, 0x0, 0x9, 0xff, 0xfb, 0x23, 0x33, 0x20,
    0x0, 0x0, 0x0, 0x0, 0xd, 0xff, 0xf9, 0x0, 0x0, 0x0, 0x0, 0x0, 0x0, 0x0,
    0x6f, 0xff, 0xf3, 0x0, 0x0, 0x0, 0x0, 0x0, 0x0, 0x4, 0xff, 0xff, 0xb0, 0x0,
    0x0, 0x0, 0x0, 0x0, 0x0, 0x7f, 0xff, 0xfe, 0x10, 0x0, 0x0, 0x0, 0x0, 0x0,
    0x2c, 0xff, 0xff, 0xe2, 0x0, 0x0, 0x0, 0x0, 0x0, 0x5, 0xff, 0xff, 0xfb,
    0x10, 0x0, 0x0, 0x0, 0x0, 0x0, 0x4f, 0xff, 0xff, 0x60, 0x0, 0x0, 0x0, 0x0,
    0x0, 0x0, 0xdf, 0xff, 0xe2, 0x0, 0x0, 0x0, 0x0, 0x0, 0x0, 0x3, 0xff, 0xff,
    0x40, 0x0, 0x0, 0x0, 0x0, 0x0, 0x0, 0x5, 0xff, 0xfe, 0x0, 0x0, 0x0, 0x0,
    0x0, 0x0, 0x0, 0x6, 0xff, 0xfd, 0x0, 0x0, 0x0, 0x0, 0x0, 0x0, 0x0, 0x6,
    0xff, 0xfc, 0x0, 0x0, 0x0, 0x0, 0x0, 0x0, 0x0, 0x2, 0x66, 0x65, 0x0, 0x0,
    0x0, 0x0, 0x0, 0x0, 0x0, 0x0, 0x0, 0x0, 0x0, 0x0, 0x0, 0x0, 0x0, 0x0, 0x0,
    0x0, 0x0, 0x0, 0x0, 0x0, 0x0, 0x0, 0x0, 0x0, 0x0, 0x0, 0x6a, 0x81, 0x0, 0x0,
    0x0, 0x0, 0x0, 0x0, 0x0, 0x8, 0xff, 0xfe, 0x10, 0x0, 0x0, 0x0, 0x0, 0x0,
    0x0, 0xf, 0xff, 0xff, 0x70, 0x0, 0x0, 0x0, 0x0, 0x0, 0x0, 0x1f, 0xff, 0xff,
    0x80, 0x0, 0x0, 0x0, 0x0, 0x0, 0x0, 0xc, 0xff, 0xff, 0x30, 0x0, 0x0, 0x0,
    0x0, 0x0, 0x0, 0x1, 0xaf, 0xd5, 0x0, 0x0, 0x0, 0x0,

    /* U+0040 "@" */
    0x0, 0x0, 0x0, 0x0, 0x0, 0x0, 0x1, 0x58, 0xbd, 0xef, 0xff, 0xdb, 0x95, 0x10,
    0x0, 0x0, 0x0, 0x0, 0x0, 0x0, 0x0, 0x0, 0x0, 0x0, 0x0, 0x5b, 0xff, 0xff,
    0xff, 0xff, 0xff, 0xff, 0xff, 0xb5, 0x0, 0x0, 0x0, 0x0, 0x0, 0x0, 0x0, 0x0,
    0x0, 0x4, 0xdf, 0xff, 0xff, 0xff, 0xff, 0xff, 0xff, 0xff, 0xff, 0xfd, 0x40,
    0x0, 0x0, 0x0, 0x0, 0x0, 0x0, 0x0, 0x1b, 0xff, 0xff, 0xff, 0xff, 0xdc, 0xbb,
    0xcd, 0xff, 0xff, 0xff, 0xff, 0xa0, 0x0, 0x0, 0x0, 0x0, 0x0, 0x0, 0x2e,
    0xff, 0xff, 0xfd, 0x83, 0x0, 0x0, 0x0, 0x0, 0x37, 0xdf, 0xff, 0xff, 0xd1,
    0x0, 0x0, 0x0, 0x0, 0x0, 0x3f, 0xff, 0xff, 0xc4, 0x0, 0x0, 0x0, 0x0, 0x0,
    0x0, 0x0, 0x4d, 0xff, 0xff, 0xd1, 0x0, 0x0, 0x0, 0x0, 0x2e, 0xff, 0xff,
    0x70, 0x0, 0x0, 0x0, 0x0, 0x0, 0x0, 0x0, 0x0, 0x8, 0xff, 0xff, 0xc0, 0x0,
    0x0, 0x0, 0xc, 0xff, 0xff, 0x40, 0x0, 0x0, 0x0, 0x0, 0x0, 0x0, 0x0, 0x0,
    0x0, 0x5, 0xff, 0xff, 0x90, 0x0, 0x0, 0x8, 0xff, 0xff, 0x40, 0x0, 0x0, 0x0,
    0x0, 0x0, 0x0, 0x0, 0x0, 0x0, 0x0, 0x6, 0xff, 0xff, 0x30, 0x0, 0x1, 0xff,
    0xff, 0x70, 0x0, 0x0, 0x0, 0x39, 0xdf, 0xfd, 0x93, 0x3, 0x88, 0x81, 0x0,
    0xa, 0xff, 0xfb, 0x0, 0x0, 0x9f, 0xff, 0xd0, 0x0, 0x0, 0x0, 0xaf, 0xff,
    0xff, 0xff, 0xf8, 0x6f, 0xff, 0x30, 0x0, 0x1f, 0xff, 0xf3, 0x0, 0xf, 0xff,
    0xf4, 0x0, 0x0, 0x1, 0xcf, 0xff, 0xff, 0xff, 0xff, 0xfd, 0xff, 0xf3, 0x0,
    0x0, 0x9f, 0xff, 0x90, 0x5, 0xff, 0xfd, 0x0, 0x0, 0x0, 0xbf, 0xff, 0xfe,
    0xa9, 0xae, 0xff, 0xff, 0xff, 0x30, 0x0, 0x2, 0xff, 0xfe, 0x0, 0xaf, 0xff,
    0x80, 0x0, 0x0, 0x7f, 0xff, 0xf6, 0x0, 0x0, 0x8, 0xff, 0xff, 0xf3, 0x0, 0x0,
    0xd, 0xff, 0xf2, 0xe, 0xff, 0xf3, 0x0, 0x0, 0xe, 0xff, 0xf5, 0x0, 0x0, 0x0,
    0x9, 0xff, 0xff, 0x30, 0x0, 0x0, 0xaf, 0xff, 0x61, 0xff, 0xff, 0x0, 0x0,
    0x5, 0xff, 0xfb, 0x0, 0x0, 0x0, 0x0, 0xf, 0xff, 0xf3, 0x0, 0x0, 0x7, 0xff,
    0xf8, 0x3f, 0xff, 0xe0, 0x0, 0x0, 0x9f, 0xff, 0x60, 0x0, 0x0, 0x0, 0x0,
    0xaf, 0xff, 0x30, 0x0, 0x0, 0x5f, 0xff, 0x94, 0xff, 0xfc, 0x0, 0x0, 0xc,
    0xff, 0xf3, 0x0, 0x0, 0x0, 0x0, 0x7, 0xff, 0xf3, 0x0, 0x0, 0x4, 0xff, 0xfa,
    0x5f, 0xff, 0xb0, 0x0, 0x0, 0xdf, 0xff, 0x10, 0x0, 0x0, 0x0, 0x0, 0x6f,
    0xff, 0x30, 0x0, 0x0, 0x3f, 0xff, 0xa5, 0xff, 0xfb, 0x0, 0x0, 0xd, 0xff,
    0xf1, 0x0, 0x0, 0x0, 0x0, 0x6, 0xff, 0xf3, 0x0, 0x0, 0x4, 0xff, 0xfa, 0x4f,
    0xff, 0xc0, 0x0, 0x0, 0xbf, 0xff, 0x30, 0x0, 0x0, 0x0, 0x0, 0x7f, 0xff,
    0x30, 0x0, 0x0, 0x6f, 0xff, 0x93, 0xff, 0xfe, 0x0, 0x0, 0x9, 0xff, 0xf6,
    0x0, 0x0, 0x0, 0x0, 0xa, 0xff, 0xf3, 0x0, 0x0, 0x8, 0xff, 0xf6, 0x1f, 0xff,
    0xf0, 0x0, 0x0, 0x5f, 0xff, 0xb0, 0x0, 0x0, 0x0, 0x0, 0xff, 0xff, 0x30, 0x0,
    0x0, 0xdf, 0xff, 0x30, 0xef, 0xff, 0x30, 0x0, 0x0, 0xef, 0xff, 0x40, 0x0,
    0x0, 0x0, 0x8f, 0xff, 0xf5, 0x0, 0x0, 0x4f, 0xff, 0xe0, 0xa, 0xff, 0xf8,
    0x0, 0x0, 0x7, 0xff, 0xff, 0x50, 0x0, 0x0, 0x7f, 0xff, 0xff, 0xb0, 0x0,
    0x2e, 0xff, 0xf8, 0x0, 0x5f, 0xff, 0xd0, 0x0, 0x0, 0xc, 0xff, 0xff, 0xda,
    0x9a, 0xef, 0xfd, 0xff, 0xff, 0xc9, 0xbf, 0xff, 0xfe, 0x0, 0x0, 0xff, 0xff,
    0x40, 0x0, 0x0, 0x1d, 0xff, 0xff, 0xff, 0xff, 0xff, 0x49, 0xff, 0xff, 0xff,
    0xff, 0xff, 0x30, 0x0, 0x9, 0xff, 0xfc, 0x0, 0x0, 0x0, 0x1b, 0xff, 0xff,
    0xff, 0xff, 0x50, 0xc, 0xff, 0xff, 0xff, 0xfe, 0x40, 0x0, 0x0, 0x2f, 0xff,
    0xf7, 0x0, 0x0, 0x0, 0x4, 0xad, 0xff, 0xd9, 0x20, 0x0, 0x7, 0xce, 0xfe,
    0xb6, 0x0, 0x0, 0x0, 0x0, 0x8f, 0xff, 0xf4, 0x0, 0x0, 0x0, 0x0, 0x0, 0x0,
    0x0, 0x0, 0x0, 0x0, 0x0, 0x0, 0x0, 0x0, 0x0, 0x0, 0x0, 0xdf, 0xff, 0xf4,
    0x0, 0x0, 0x0, 0x0, 0x0, 0x0, 0x0, 0x0, 0x0, 0x0, 0x0, 0x0, 0x0, 0x0, 0x0,
    0x0, 0x2, 0xef, 0xff, 0xf7, 0x0, 0x0, 0x0, 0x0, 0x0, 0x0, 0x0, 0x0, 0x0,
    0x0, 0x0, 0x0, 0x0, 0x0, 0x0, 0x0, 0x3, 0xff, 0xff, 0xfc, 0x40, 0x0, 0x0,
    0x0, 0x0, 0x0, 0x0, 0x0, 0x20, 0x0, 0x0, 0x0, 0x0, 0x0, 0x0, 0x0, 0x2, 0xef,
    0xff, 0xff, 0xd7, 0x30, 0x0, 0x0, 0x0, 0x2, 0x5a, 0xef, 0x0, 0x0, 0x0, 0x0,
    0x0, 0x0, 0x0, 0x0, 0x1, 0xbf, 0xff, 0xff, 0xff, 0xfd, 0xcb, 0xbc, 0xdf,
    0xff, 0xff, 0xf6, 0x0, 0x0, 0x0, 0x0, 0x0, 0x0, 0x0, 0x0, 0x0, 0x5d, 0xff,
    0xff, 0xff, 0xff, 0xff, 0xff, 0xff, 0xff, 0xff, 0xc0, 0x0, 0x0, 0x0, 0x0,
    0x0, 0x0, 0x0, 0x0, 0x0, 0x5, 0xbf, 0xff, 0xff, 0xff, 0xff, 0xff, 0xff,
    0xfe, 0xa4, 0x0, 0x0, 0x0, 0x0, 0x0, 0x0, 0x0, 0x0, 0x0, 0x0, 0x0, 0x15,
    0x8b, 0xdf, 0xff, 0xee, 0xc9, 0x73, 0x0, 0x0, 0x0, 0x0, 0x0, 0x0,

    /* U+0041 "A" */
    0x0, 0x0, 0x0, 0x0, 0x0, 0xc, 0xff, 0xff, 0xf1, 0x0, 0x0, 0x0, 0x0, 0x0,
    0x0, 0x0, 0x0, 0x0, 0x0, 0x2f, 0xff, 0xff, 0xf7, 0x0, 0x0, 0x0, 0x0, 0x0,
    0x0, 0x0, 0x0, 0x0, 0x0, 0x8f, 0xff, 0xff, 0xfd, 0x0, 0x0, 0x0, 0x0, 0x0,
    0x0, 0x0, 0x0, 0x0, 0x0, 0xdf, 0xff, 0xff, 0xff, 0x30, 0x0, 0x0, 0x0, 0x0,
    0x0, 0x0, 0x0, 0x0, 0x3, 0xff, 0xff, 0xbf, 0xff, 0x90, 0x0, 0x0, 0x0, 0x0,
    0x0, 0x0, 0x0, 0x0, 0x9, 0xff, 0xfb, 0x5f, 0xff, 0xe0, 0x0, 0x0, 0x0, 0x0,
    0x0, 0x0, 0x0, 0x0, 0xf, 0xff, 0xf6, 0xf, 0xff, 0xf4, 0x0, 0x0, 0x0, 0x0,
    0x0, 0x0, 0x0, 0x0, 0x5f, 0xff, 0xf1, 0xb, 0xff, 0xfa, 0x0, 0x0, 0x0, 0x0,
    0x0, 0x0, 0x0, 0x0, 0xbf, 0xff, 0xb0, 0x6, 0xff, 0xff, 0x10, 0x0, 0x0, 0x0,
    0x0, 0x0, 0x0, 0x1, 0xff, 0xff, 0x60, 0x1, 0xff, 0xff, 0x60, 0x0, 0x0, 0x0,
    0x0, 0x0, 0x0, 0x7, 0xff, 0xff, 0x10, 0x0, 0xbf, 0xff, 0xc0, 0x0, 0x0, 0x0,
    0x0, 0x0, 0x0, 0xd, 0xff, 0xfb, 0x0, 0x0, 0x5f, 0xff, 0xf2, 0x0, 0x0, 0x0,
    0x0, 0x0, 0x0, 0x3f, 0xff, 0xf5, 0x0, 0x0, 0xf, 0xff, 0xf8, 0x0, 0x0, 0x0,
    0x0, 0x0, 0x0, 0x9f, 0xff, 0xf0, 0x0, 0x0, 0xa, 0xff, 0xfd, 0x0, 0x0, 0x0,
    0x0, 0x0, 0x0, 0xef, 0xff, 0xa0, 0x0, 0x0, 0x5, 0xff, 0xff, 0x30, 0x0, 0x0,
    0x0, 0x0, 0x5, 0xff, 0xff, 0x40, 0x0, 0x0, 0x0, 0xff, 0xff, 0x90, 0x0, 0x0,
    0x0, 0x0, 0xa, 0xff, 0xfe, 0x0, 0x0, 0x0, 0x0, 0xaf, 0xff, 0xf0, 0x0, 0x0,
    0x0, 0x0, 0x1f, 0xff, 0xf8, 0x0, 0x0, 0x0, 0x0, 0x4f, 0xff, 0xf5, 0x0, 0x0,
    0x0, 0x0, 0x6f, 0xff, 0xfe, 0xdd, 0xdd, 0xdd, 0xdd, 0xdf, 0xff, 0xfb, 0x0,
    0x0, 0x0, 0x0, 0xcf, 0xff, 0xff, 0xff, 0xff, 0xff, 0xff, 0xff, 0xff, 0xff,
    0x10, 0x0, 0x0, 0x2, 0xff, 0xff, 0xff, 0xff, 0xff, 0xff, 0xff, 0xff, 0xff,
    0xff, 0x70, 0x0, 0x0, 0x8, 0xff, 0xff, 0xff, 0xff, 0xff, 0xff, 0xff, 0xff,
    0xff, 0xff, 0xd0, 0x0, 0x0, 0xe, 0xff, 0xfc, 0x0, 0x0, 0x0, 0x0, 0x0, 0x0,
    0x8f, 0xff, 0xf2, 0x0, 0x0, 0x4f, 0xff, 0xf6, 0x0, 0x0, 0x0, 0x0, 0x0, 0x0,
    0x3f, 0xff, 0xf8, 0x0, 0x0, 0xaf, 0xff, 0xf1, 0x0, 0x0, 0x0, 0x0, 0x0, 0x0,
    0xd, 0xff, 0xfe, 0x0, 0x0, 0xff, 0xff, 0xb0, 0x0, 0x0, 0x0, 0x0, 0x0, 0x0,
    0x8, 0xff, 0xff, 0x40, 0x6, 0xff, 0xff, 0x60, 0x0, 0x0, 0x0, 0x0, 0x0, 0x0,
    0x3, 0xff, 0xff, 0xa0, 0xc, 0xff, 0xff, 0x10, 0x0, 0x0, 0x0, 0x0, 0x0, 0x0,
    0x0, 0xdf, 0xff, 0xf0, 0x1f, 0xff, 0xfb, 0x0, 0x0, 0x0, 0x0, 0x0, 0x0, 0x0,
    0x0, 0x8f, 0xff, 0xf6, 0x7f, 0xff, 0xf5, 0x0, 0x0, 0x0, 0x0, 0x0, 0x0, 0x0,
    0x0, 0x2f, 0xff, 0xfc,

    /* U+0042 "B" */
    0x3f, 0xff, 0xff, 0xff, 0xff, 0xff, 0xfe, 0xda, 0x60, 0x0, 0x0, 0x0, 0x3f,
    0xff, 0xff, 0xff, 0xff, 0xff, 0xff, 0xff, 0xff, 0x80, 0x0, 0x0, 0x3f, 0xff,
    0xff, 0xff, 0xff, 0xff, 0xff, 0xff, 0xff, 0xfc, 0x10, 0x0, 0x3f, 0xff, 0xfd,
    0xdd, 0xdd, 0xdd, 0xde, 0xff, 0xff, 0xff, 0xc0, 0x0, 0x3f, 0xff, 0xf4, 0x0,
    0x0, 0x0, 0x0, 0x29, 0xff, 0xff, 0xf6, 0x0, 0x3f, 0xff, 0xf4, 0x0, 0x0, 0x0,
    0x0, 0x0, 0x6f, 0xff, 0xfc, 0x0, 0x3f, 0xff, 0xf4, 0x0, 0x0, 0x0, 0x0, 0x0,
    0xb, 0xff, 0xff, 0x0, 0x3f, 0xff, 0xf4, 0x0, 0x0, 0x0, 0x0, 0x0, 0x6, 0xff,
    0xff, 0x20, 0x3f, 0xff, 0xf4, 0x0, 0x0, 0x0, 0x0, 0x0, 0x5, 0xff, 0xff,
    0x20, 0x3f, 0xff, 0xf4, 0x0, 0x0, 0x0, 0x0, 0x0, 0x7, 0xff, 0xff, 0x0, 0x3f,
    0xff, 0xf4, 0x0, 0x0, 0x0, 0x0, 0x0, 0xc, 0xff, 0xfc, 0x0, 0x3f, 0xff, 0xf4,
    0x0, 0x0, 0x0, 0x0, 0x0, 0x8f, 0xff, 0xf4, 0x0, 0x3f, 0xff, 0xf4, 0x0, 0x0,
    0x0, 0x1, 0x5c, 0xff, 0xff, 0x70, 0x0, 0x3f, 0xff, 0xff, 0xff, 0xff, 0xff,
    0xff, 0xff, 0xff, 0xe5, 0x0, 0x0, 0x3f, 0xff, 0xff, 0xff, 0xff, 0xff, 0xff,
    0xff, 0xfb, 0x20, 0x0, 0x0, 0x3f, 0xff, 0xff, 0xff, 0xff, 0xff, 0xff, 0xff,
    0xff, 0xfb, 0x20, 0x0, 0x3f, 0xff, 0xfc, 0xbb, 0xbb, 0xbb, 0xbc, 0xef, 0xff,
    0xff, 0xf5, 0x0, 0x3f, 0xff, 0xf4, 0x0, 0x0, 0x0, 0x0, 0x3, 0xaf, 0xff,
    0xff, 0x30, 0x3f, 0xff, 0xf4, 0x0, 0x0, 0x0, 0x0, 0x0, 0x6, 0xff, 0xff,
    0xc0, 0x3f, 0xff, 0xf4, 0x0, 0x0, 0x0, 0x0, 0x0, 0x0, 0xbf, 0xff, 0xf2,
    0x3f, 0xff, 0xf4, 0x0, 0x0, 0x0, 0x0, 0x0, 0x0, 0x5f, 0xff, 0xf5, 0x3f,
    0xff, 0xf4, 0x0, 0x0, 0x0, 0x0, 0x0, 0x0, 0x3f, 0xff, 0xf6, 0x3f, 0xff,
    0xf4, 0x0, 0x0, 0x0, 0x0, 0x0, 0x0, 0x5f, 0xff, 0xf5, 0x3f, 0xff, 0xf4, 0x0,
    0x0, 0x0, 0x0, 0x0, 0x0, 0xaf, 0xff, 0xf3, 0x3f, 0xff, 0xf4, 0x0, 0x0, 0x0,
    0x0, 0x0, 0x5, 0xff, 0xff, 0xe0, 0x3f, 0xff, 0xf4, 0x0, 0x0, 0x0, 0x0, 0x4,
    0xaf, 0xff, 0xff, 0x70, 0x3f, 0xff, 0xfd, 0xdd, 0xdd, 0xdd, 0xdd, 0xff,
    0xff, 0xff, 0xfc, 0x0, 0x3f, 0xff, 0xff, 0xff, 0xff, 0xff, 0xff, 0xff, 0xff,
    0xff, 0xc1, 0x0, 0x3f, 0xff, 0xff, 0xff, 0xff, 0xff, 0xff, 0xff, 0xff, 0xe7,
    0x0, 0x0, 0x3f, 0xff, 0xff, 0xff, 0xff, 0xff, 0xff, 0xec, 0x95, 0x0, 0x0,
    0x0,

    /* U+0043 "C" */
    0x0, 0x0, 0x0, 0x0, 0x1, 0x6a, 0xce, 0xff, 0xec, 0x94, 0x0, 0x0, 0x0, 0x0,
    0x0, 0x0, 0x0, 0x2, 0x9f, 0xff, 0xff, 0xff, 0xff, 0xff, 0xe7, 0x0, 0x0, 0x0,
    0x0, 0x0, 0x0, 0x7f, 0xff, 0xff, 0xff, 0xff, 0xff, 0xff, 0xff, 0xd3, 0x0,
    0x0, 0x0, 0x0, 0xa, 0xff, 0xff, 0xff, 0xff, 0xff, 0xff, 0xff, 0xff, 0xff,
    0x40, 0x0, 0x0, 0x0, 0xaf, 0xff, 0xff, 0xfb, 0x63, 0x22, 0x47, 0xcf, 0xff,
    0xff, 0xf3, 0x0, 0x0, 0x7, 0xff, 0xff, 0xfb, 0x20, 0x0, 0x0, 0x0, 0x4, 0xdf,
    0xff, 0xfe, 0x0, 0x0, 0x2f, 0xff, 0xff, 0x70, 0x0, 0x0, 0x0, 0x0, 0x0, 0x1c,
    0xff, 0xff, 0x80, 0x0, 0xbf, 0xff, 0xf8, 0x0, 0x0, 0x0, 0x0, 0x0, 0x0, 0x1,
    0xef, 0xff, 0xf0, 0x2, 0xff, 0xff, 0xd0, 0x0, 0x0, 0x0, 0x0, 0x0, 0x0, 0x0,
    0x7f, 0xff, 0xf5, 0x8, 0xff, 0xff, 0x50, 0x0, 0x0, 0x0, 0x0, 0x0, 0x0, 0x0,
    0x1f, 0xff, 0xfa, 0xc, 0xff, 0xfe, 0x0, 0x0, 0x0, 0x0, 0x0, 0x0, 0x0, 0x0,
    0x3, 0x33, 0x32, 0xf, 0xff, 0xfa, 0x0, 0x0, 0x0, 0x0, 0x0, 0x0, 0x0, 0x0,
    0x0, 0x0, 0x0, 0x2f, 0xff, 0xf7, 0x0, 0x0, 0x0, 0x0, 0x0, 0x0, 0x0, 0x0,
    0x0, 0x0, 0x0, 0x4f, 0xff, 0xf4, 0x0, 0x0, 0x0, 0x0, 0x0, 0x0, 0x0, 0x0,
    0x0, 0x0, 0x0, 0x5f, 0xff, 0xf4, 0x0, 0x0, 0x0, 0x0, 0x0, 0x0, 0x0, 0x0,
    0x0, 0x0, 0x0, 0x5f, 0xff, 0xf4, 0x0, 0x0, 0x0, 0x0, 0x0, 0x0, 0x0, 0x0,
    0x0, 0x0, 0x0, 0x4f, 0xff, 0xf4, 0x0, 0x0, 0x0, 0x0, 0x0, 0x0, 0x0, 0x0,
    0x0, 0x0, 0x0, 0x2f, 0xff, 0xf7, 0x0, 0x0, 0x0, 0x0, 0x0, 0x0, 0x0, 0x0,
    0x0, 0x0, 0x0, 0xf, 0xff, 0xfa, 0x0, 0x0, 0x0, 0x0, 0x0, 0x0, 0x0, 0x0, 0x0,
    0x0, 0x0, 0xc, 0xff, 0xfe, 0x0, 0x0, 0x0, 0x0, 0x0, 0x0, 0x0, 0x0, 0x2,
    0x33, 0x32, 0x8, 0xff, 0xff, 0x50, 0x0, 0x0, 0x0, 0x0, 0x0, 0x0, 0x0, 0x1f,
    0xff, 0xfa, 0x2, 0xff, 0xff, 0xd0, 0x0, 0x0, 0x0, 0x0, 0x0, 0x0, 0x0, 0x7f,
    0xff, 0xf6, 0x0, 0xbf, 0xff, 0xf8, 0x0, 0x0, 0x0, 0x0, 0x0, 0x0, 0x1, 0xef,
    0xff, 0xf0, 0x0, 0x2f, 0xff, 0xff, 0x70, 0x0, 0x0, 0x0, 0x0, 0x0, 0x1c,
    0xff, 0xff, 0x80, 0x0, 0x7, 0xff, 0xff, 0xfa, 0x10, 0x0, 0x0, 0x0, 0x4,
    0xdf, 0xff, 0xfe, 0x10, 0x0, 0x0, 0xaf, 0xff, 0xff, 0xfa, 0x63, 0x22, 0x37,
    0xcf, 0xff, 0xff, 0xf3, 0x0, 0x0, 0x0, 0xa, 0xff, 0xff, 0xff, 0xff, 0xff,
    0xff, 0xff, 0xff, 0xff, 0x50, 0x0, 0x0, 0x0, 0x0, 0x7f, 0xff, 0xff, 0xff,
    0xff, 0xff, 0xff, 0xff, 0xd3, 0x0, 0x0, 0x0, 0x0, 0x0, 0x2, 0x9f, 0xff,
    0xff, 0xff, 0xff, 0xff, 0xe7, 0x0, 0x0, 0x0, 0x0, 0x0, 0x0, 0x0, 0x1, 0x6a,
    0xde, 0xff, 0xec, 0x95, 0x0, 0x0, 0x0, 0x0,

    /* U+0044 "D" */
    0x3f, 0xff, 0xff, 0xff, 0xff, 0xff, 0xed, 0xa7, 0x20, 0x0, 0x0, 0x0, 0x0,
    0x3f, 0xff, 0xff, 0xff, 0xff, 0xff, 0xff, 0xff, 0xfc, 0x40, 0x0, 0x0, 0x0,
    0x3f, 0xff, 0xff, 0xff, 0xff, 0xff, 0xff, 0xff, 0xff, 0xfa, 0x10, 0x0, 0x0,
    0x3f, 0xff, 0xff, 0xff, 0xff, 0xff, 0xff, 0xff, 0xff, 0xff, 0xd2, 0x0, 0x0,
    0x3f, 0xff, 0xf5, 0x0, 0x0, 0x0, 0x13, 0x7d, 0xff, 0xff, 0xfe, 0x10, 0x0,
    0x3f, 0xff, 0xf5, 0x0, 0x0, 0x0, 0x0, 0x0, 0x5e, 0xff, 0xff, 0xc0, 0x0,
    0x3f, 0xff, 0xf5, 0x0, 0x0, 0x0, 0x0, 0x0, 0x2, 0xef, 0xff, 0xf6, 0x0, 0x3f,
    0xff, 0xf5, 0x0, 0x0, 0x0, 0x0, 0x0, 0x0, 0x3f, 0xff, 0xfe, 0x0, 0x3f, 0xff,
    0xf5, 0x0, 0x0, 0x0, 0x0, 0x0, 0x0, 0x8, 0xff, 0xff, 0x50, 0x3f, 0xff, 0xf5,
    0x0, 0x0, 0x0, 0x0, 0x0, 0x0, 0x1, 0xff, 0xff, 0xa0, 0x3f, 0xff, 0xf5, 0x0,
    0x0, 0x0, 0x0, 0x0, 0x0, 0x0, 0xbf, 0xff, 0xf0, 0x3f, 0xff, 0xf5, 0x0, 0x0,
    0x0, 0x0, 0x0, 0x0, 0x0, 0x7f, 0xff, 0xf2, 0x3f, 0xff, 0xf5, 0x0, 0x0, 0x0,
    0x0, 0x0, 0x0, 0x0, 0x4f, 0xff, 0xf4, 0x3f, 0xff, 0xf5, 0x0, 0x0, 0x0, 0x0,
    0x0, 0x0, 0x0, 0x3f, 0xff, 0xf6, 0x3f, 0xff, 0xf5, 0x0, 0x0, 0x0, 0x0, 0x0,
    0x0, 0x0, 0x2f, 0xff, 0xf6, 0x3f, 0xff, 0xf5, 0x0, 0x0, 0x0, 0x0, 0x0, 0x0,
    0x0, 0x2f, 0xff, 0xf6, 0x3f, 0xff, 0xf5, 0x0, 0x0, 0x0, 0x0, 0x0, 0x0, 0x0,
    0x3f, 0xff, 0xf6, 0x3f, 0xff, 0xf5, 0x0, 0x0, 0x0, 0x0, 0x0, 0x0, 0x0, 0x4f,
    0xff, 0xf4, 0x3f, 0xff, 0xf5, 0x0, 0x0, 0x0, 0x0, 0x0, 0x0, 0x0, 0x8f, 0xff,
    0xf2, 0x3f, 0xff, 0xf5, 0x0, 0x0, 0x0, 0x0, 0x0, 0x0, 0x0, 0xbf, 0xff, 0xf0,
    0x3f, 0xff, 0xf5, 0x0, 0x0, 0x0, 0x0, 0x0, 0x0, 0x2, 0xff, 0xff, 0xa0, 0x3f,
    0xff, 0xf5, 0x0, 0x0, 0x0, 0x0, 0x0, 0x0, 0x9, 0xff, 0xff, 0x50, 0x3f, 0xff,
    0xf5, 0x0, 0x0, 0x0, 0x0, 0x0, 0x0, 0x4f, 0xff, 0xfe, 0x0, 0x3f, 0xff, 0xf5,
    0x0, 0x0, 0x0, 0x0, 0x0, 0x3, 0xef, 0xff, 0xf6, 0x0, 0x3f, 0xff, 0xf5, 0x0,
    0x0, 0x0, 0x0, 0x0, 0x6f, 0xff, 0xff, 0xc0, 0x0, 0x3f, 0xff, 0xf5, 0x0, 0x0,
    0x0, 0x14, 0x8e, 0xff, 0xff, 0xfe, 0x10, 0x0, 0x3f, 0xff, 0xff, 0xff, 0xff,
    0xff, 0xff, 0xff, 0xff, 0xff, 0xd2, 0x0, 0x0, 0x3f, 0xff, 0xff, 0xff, 0xff,
    0xff, 0xff, 0xff, 0xff, 0xfa, 0x10, 0x0, 0x0, 0x3f, 0xff, 0xff, 0xff, 0xff,
    0xff, 0xff, 0xff, 0xfb, 0x30, 0x0, 0x0, 0x0, 0x3f, 0xff, 0xff, 0xff, 0xff,
    0xff, 0xec, 0xa6, 0x10, 0x0, 0x0, 0x0, 0x0,

    /* U+0045 "E" */
    0x3f, 0xff, 0xff, 0xff, 0xff, 0xff, 0xff, 0xff, 0xff, 0xff, 0xf5, 0x3f,
    0xff, 0xff, 0xff, 0xff, 0xff, 0xff, 0xff, 0xff, 0xff, 0xf5, 0x3f, 0xff,
    0xff, 0xff, 0xff, 0xff, 0xff, 0xff, 0xff, 0xff, 0xf5, 0x3f, 0xff, 0xff,
    0xff, 0xff, 0xff, 0xff, 0xff, 0xff, 0xff, 0xf5, 0x3f, 0xff, 0xf5, 0x0, 0x0,
    0x0, 0x0, 0x0, 0x0, 0x0, 0x0, 0x3f, 0xff, 0xf5, 0x0, 0x0, 0x0, 0x0, 0x0,
    0x0, 0x0, 0x0, 0x3f, 0xff, 0xf5, 0x0, 0x0, 0x0, 0x0, 0x0, 0x0, 0x0, 0x0,
    0x3f, 0xff, 0xf5, 0x0, 0x0, 0x0, 0x0, 0x0, 0x0, 0x0, 0x0, 0x3f, 0xff, 0xf5,
    0x0, 0x0, 0x0, 0x0, 0x0, 0x0, 0x0, 0x0, 0x3f, 0xff, 0xf5, 0x0, 0x0, 0x0,
    0x0, 0x0, 0x0, 0x0, 0x0, 0x3f, 0xff, 0xf5, 0x0, 0x0, 0x0, 0x0, 0x0, 0x0,
    0x0, 0x0, 0x3f, 0xff, 0xf5, 0x0, 0x0, 0x0, 0x0, 0x0, 0x0, 0x0, 0x0, 0x3f,
    0xff, 0xf5, 0x0, 0x0, 0x0, 0x0, 0x0, 0x0, 0x0, 0x0, 0x3f, 0xff, 0xff, 0xff,
    0xff, 0xff, 0xff, 0xff, 0xff, 0xff, 0x20, 0x3f, 0xff, 0xff, 0xff, 0xff,
    0xff, 0xff, 0xff, 0xff, 0xff, 0x20, 0x3f, 0xff, 0xff, 0xff, 0xff, 0xff,
    0xff, 0xff, 0xff, 0xff, 0x20, 0x3f, 0xff, 0xff, 0xff, 0xff, 0xff, 0xff,
    0xff, 0xff, 0xff, 0x20, 0x3f, 0xff, 0xf5, 0x0, 0x0, 0x0, 0x0, 0x0, 0x0, 0x0,
    0x0, 0x3f, 0xff, 0xf5, 0x0, 0x0, 0x0, 0x0, 0x0, 0x0, 0x0, 0x0, 0x3f, 0xff,
    0xf5, 0x0, 0x0, 0x0, 0x0, 0x0, 0x0, 0x0, 0x0, 0x3f, 0xff, 0xf5, 0x0, 0x0,
    0x0, 0x0, 0x0, 0x0, 0x0, 0x0, 0x3f, 0xff, 0xf5, 0x0, 0x0, 0x0, 0x0, 0x0,
    0x0, 0x0, 0x0, 0x3f, 0xff, 0xf5, 0x0, 0x0, 0x0, 0x0, 0x0, 0x0, 0x0, 0x0,
    0x3f, 0xff, 0xf5, 0x0, 0x0, 0x0, 0x0, 0x0, 0x0, 0x0, 0x0, 0x3f, 0xff, 0xf5,
    0x0, 0x0, 0x0, 0x0, 0x0, 0x0, 0x0, 0x0, 0x3f, 0xff, 0xf5, 0x0, 0x0, 0x0,
    0x0, 0x0, 0x0, 0x0, 0x0, 0x3f, 0xff, 0xff, 0xff, 0xff, 0xff, 0xff, 0xff,
    0xff, 0xff, 0xf5, 0x3f, 0xff, 0xff, 0xff, 0xff, 0xff, 0xff, 0xff, 0xff,
    0xff, 0xf5, 0x3f, 0xff, 0xff, 0xff, 0xff, 0xff, 0xff, 0xff, 0xff, 0xff,
    0xf5, 0x3f, 0xff, 0xff, 0xff, 0xff, 0xff, 0xff, 0xff, 0xff, 0xff, 0xf5,

    /* U+0046 "F" */
    0x3f, 0xff, 0xff, 0xff, 0xff, 0xff, 0xff, 0xff, 0xff, 0xff, 0xb3, 0xff,
    0xff, 0xff, 0xff, 0xff, 0xff, 0xff, 0xff, 0xff, 0xfb, 0x3f, 0xff, 0xff,
    0xff, 0xff, 0xff, 0xff, 0xff, 0xff, 0xff, 0xb3, 0xff, 0xff, 0xff, 0xff,
    0xff, 0xff, 0xff, 0xff, 0xff, 0xfa, 0x3f, 0xff, 0xf5, 0x0, 0x0, 0x0, 0x0,
    0x0, 0x0, 0x0, 0x3, 0xff, 0xff, 0x50, 0x0, 0x0, 0x0, 0x0, 0x0, 0x0, 0x0,
    0x3f, 0xff, 0xf5, 0x0, 0x0, 0x0, 0x0, 0x0, 0x0, 0x0, 0x3, 0xff, 0xff, 0x50,
    0x0, 0x0, 0x0, 0x0, 0x0, 0x0, 0x0, 0x3f, 0xff, 0xf5, 0x0, 0x0, 0x0, 0x0,
    0x0, 0x0, 0x0, 0x3, 0xff, 0xff, 0x50, 0x0, 0x0, 0x0, 0x0, 0x0, 0x0, 0x0,
    0x3f, 0xff, 0xf5, 0x0, 0x0, 0x0, 0x0, 0x0, 0x0, 0x0, 0x3, 0xff, 0xff, 0x50,
    0x0, 0x0, 0x0, 0x0, 0x0, 0x0, 0x0, 0x3f, 0xff, 0xf5, 0x0, 0x0, 0x0, 0x0,
    0x0, 0x0, 0x0, 0x3, 0xff, 0xff, 0xff, 0xff, 0xff, 0xff, 0xff, 0xff, 0xff,
    0x80, 0x3f, 0xff, 0xff, 0xff, 0xff, 0xff, 0xff, 0xff, 0xff, 0xf8, 0x3, 0xff,
    0xff, 0xff, 0xff, 0xff, 0xff, 0xff, 0xff, 0xff, 0x80, 0x3f, 0xff, 0xff,
    0xee, 0xee, 0xee, 0xee, 0xee, 0xee, 0xe7, 0x3, 0xff, 0xff, 0x50, 0x0, 0x0,
    0x0, 0x0, 0x0, 0x0, 0x0, 0x3f, 0xff, 0xf5, 0x0, 0x0, 0x0, 0x0, 0x0, 0x0,
    0x0, 0x3, 0xff, 0xff, 0x50, 0x0, 0x0, 0x0, 0x0, 0x0, 0x0, 0x0, 0x3f, 0xff,
    0xf5, 0x0, 0x0, 0x0, 0x0, 0x0, 0x0, 0x0, 0x3, 0xff, 0xff, 0x50, 0x0, 0x0,
    0x0, 0x0, 0x0, 0x0, 0x0, 0x3f, 0xff, 0xf5, 0x0, 0x0, 0x0, 0x0, 0x0, 0x0,
    0x0, 0x3, 0xff, 0xff, 0x50, 0x0, 0x0, 0x0, 0x0, 0x0, 0x0, 0x0, 0x3f, 0xff,
    0xf5, 0x0, 0x0, 0x0, 0x0, 0x0, 0x0, 0x0, 0x3, 0xff, 0xff, 0x50, 0x0, 0x0,
    0x0, 0x0, 0x0, 0x0, 0x0, 0x3f, 0xff, 0xf5, 0x0, 0x0, 0x0, 0x0, 0x0, 0x0,
    0x0, 0x3, 0xff, 0xff, 0x50, 0x0, 0x0, 0x0, 0x0, 0x0, 0x0, 0x0, 0x3f, 0xff,
    0xf5, 0x0, 0x0, 0x0, 0x0, 0x0, 0x0, 0x0, 0x3, 0xff, 0xff, 0x50, 0x0, 0x0,
    0x0, 0x0, 0x0, 0x0, 0x0,

    /* U+0047 "G" */
    0x0, 0x0, 0x0, 0x0, 0x1, 0x6a, 0xde, 0xff, 0xec, 0x84, 0x0, 0x0, 0x0, 0x0,
    0x0, 0x0, 0x0, 0x1, 0x9f, 0xff, 0xff, 0xff, 0xff, 0xff, 0xe6, 0x0, 0x0, 0x0,
    0x0, 0x0, 0x0, 0x6f, 0xff, 0xff, 0xff, 0xff, 0xff, 0xff, 0xff, 0xc3, 0x0,
    0x0, 0x0, 0x0, 0x9, 0xff, 0xff, 0xff, 0xff, 0xff, 0xff, 0xff, 0xff, 0xff,
    0x40, 0x0, 0x0, 0x0, 0xaf, 0xff, 0xff, 0xfb, 0x63, 0x22, 0x47, 0xcf, 0xff,
    0xff, 0xf4, 0x0, 0x0, 0x7, 0xff, 0xff, 0xfb, 0x20, 0x0, 0x0, 0x0, 0x3, 0xdf,
    0xff, 0xff, 0x20, 0x0, 0x2f, 0xff, 0xff, 0x80, 0x0, 0x0, 0x0, 0x0, 0x0, 0xb,
    0xff, 0xff, 0xa0, 0x0, 0xaf, 0xff, 0xf9, 0x0, 0x0, 0x0, 0x0, 0x0, 0x0, 0x0,
    0xdf, 0xff, 0xf2, 0x2, 0xff, 0xff, 0xd0, 0x0, 0x0, 0x0, 0x0, 0x0, 0x0, 0x0,
    0x5f, 0xff, 0xf7, 0x7, 0xff, 0xff, 0x50, 0x0, 0x0, 0x0, 0x0, 0x0, 0x0, 0x0,
    0xa, 0xaa, 0xa7, 0xc, 0xff, 0xfe, 0x0, 0x0, 0x0, 0x0, 0x0, 0x0, 0x0, 0x0,
    0x0, 0x0, 0x0, 0xf, 0xff, 0xfa, 0x0, 0x0, 0x0, 0x0, 0x0, 0x0, 0x0, 0x0, 0x0,
    0x0, 0x0, 0x2f, 0xff, 0xf7, 0x0, 0x0, 0x0, 0x0, 0x0, 0x0, 0x0, 0x0, 0x0,
    0x0, 0x0, 0x4f, 0xff, 0xf5, 0x0, 0x0, 0x0, 0x0, 0x0, 0x0, 0x0, 0x0, 0x0,
    0x0, 0x0, 0x5f, 0xff, 0xf4, 0x0, 0x0, 0x0, 0x0, 0x2, 0xff, 0xff, 0xff, 0xff,
    0xff, 0xff, 0x5f, 0xff, 0xf4, 0x0, 0x0, 0x0, 0x0, 0x2, 0xff, 0xff, 0xff,
    0xff, 0xff, 0xff, 0x4f, 0xff, 0xf4, 0x0, 0x0, 0x0, 0x0, 0x2, 0xff, 0xff,
    0xff, 0xff, 0xff, 0xff, 0x2f, 0xff, 0xf7, 0x0, 0x0, 0x0, 0x0, 0x1, 0xcc,
    0xcc, 0xcc, 0xce, 0xff, 0xfe, 0xf, 0xff, 0xfa, 0x0, 0x0, 0x0, 0x0, 0x0, 0x0,
    0x0, 0x0, 0x9, 0xff, 0xfd, 0xc, 0xff, 0xfe, 0x0, 0x0, 0x0, 0x0, 0x0, 0x0,
    0x0, 0x0, 0xc, 0xff, 0xfc, 0x8, 0xff, 0xff, 0x50, 0x0, 0x0, 0x0, 0x0, 0x0,
    0x0, 0x0, 0xf, 0xff, 0xf9, 0x2, 0xff, 0xff, 0xd0, 0x0, 0x0, 0x0, 0x0, 0x0,
    0x0, 0x0, 0x7f, 0xff, 0xf4, 0x0, 0xaf, 0xff, 0xf9, 0x0, 0x0, 0x0, 0x0, 0x0,
    0x0, 0x2, 0xff, 0xff, 0xe0, 0x0, 0x2f, 0xff, 0xff, 0x80, 0x0, 0x0, 0x0, 0x0,
    0x0, 0x1d, 0xff, 0xff, 0x60, 0x0, 0x7, 0xff, 0xff, 0xfb, 0x20, 0x0, 0x0,
    0x0, 0x5, 0xef, 0xff, 0xfc, 0x0, 0x0, 0x0, 0xaf, 0xff, 0xff, 0xfb, 0x63,
    0x22, 0x47, 0xdf, 0xff, 0xff, 0xe2, 0x0, 0x0, 0x0, 0xa, 0xff, 0xff, 0xff,
    0xff, 0xff, 0xff, 0xff, 0xff, 0xfe, 0x30, 0x0, 0x0, 0x0, 0x0, 0x6f, 0xff,
    0xff, 0xff, 0xff, 0xff, 0xff, 0xff, 0xc1, 0x0, 0x0, 0x0, 0x0, 0x0, 0x2,
    0x9f, 0xff, 0xff, 0xff, 0xff, 0xff, 0xd6, 0x0, 0x0, 0x0, 0x0, 0x0, 0x0, 0x0,
    0x1, 0x6a, 0xde, 0xff, 0xec, 0x83, 0x0, 0x0, 0x0, 0x0,

    /* U+0048 "H" */
    0x3f, 0xff, 0xf5, 0x0, 0x0, 0x0, 0x0, 0x0, 0x0, 0x0, 0x7f, 0xff, 0xf1, 0x3f,
    0xff, 0xf5, 0x0, 0x0, 0x0, 0x0, 0x0, 0x0, 0x0, 0x7f, 0xff, 0xf1, 0x3f, 0xff,
    0xf5, 0x0, 0x0, 0x0, 0x0, 0x0, 0x0, 0x0, 0x7f, 0xff, 0xf1, 0x3f, 0xff, 0xf5,
    0x0, 0x0, 0x0, 0x0, 0x0, 0x0, 0x0, 0x7f, 0xff, 0xf1, 0x3f, 0xff, 0xf5, 0x0,
    0x0, 0x0, 0x0, 0x0, 0x0, 0x0, 0x7f, 0xff, 0xf1, 0x3f, 0xff, 0xf5, 0x0, 0x0,
    0x0, 0x0, 0x0, 0x0, 0x0, 0x7f, 0xff, 0xf1, 0x3f, 0xff, 0xf5, 0x0, 0x0, 0x0,
    0x0, 0x0, 0x0, 0x0, 0x7f, 0xff, 0xf1, 0x3f, 0xff, 0xf5, 0x0, 0x0, 0x0, 0x0,
    0x0, 0x0, 0x0, 0x7f, 0xff, 0xf1, 0x3f, 0xff, 0xf5, 0x0, 0x0, 0x0, 0x0, 0x0,
    0x0, 0x0, 0x7f, 0xff, 0xf1, 0x3f, 0xff, 0xf5, 0x0, 0x0, 0x0, 0x0, 0x0, 0x0,
    0x0, 0x7f, 0xff, 0xf1, 0x3f, 0xff, 0xf5, 0x0, 0x0, 0x0, 0x0, 0x0, 0x0, 0x0,
    0x7f, 0xff, 0xf1, 0x3f, 0xff, 0xf5, 0x0, 0x0, 0x0, 0x0, 0x0, 0x0, 0x0, 0x7f,
    0xff, 0xf1, 0x3f, 0xff, 0xff, 0xff, 0xff, 0xff, 0xff, 0xff, 0xff, 0xff,
    0xff, 0xff, 0xf1, 0x3f, 0xff, 0xff, 0xff, 0xff, 0xff, 0xff, 0xff, 0xff,
    0xff, 0xff, 0xff, 0xf1, 0x3f, 0xff, 0xff, 0xff, 0xff, 0xff, 0xff, 0xff,
    0xff, 0xff, 0xff, 0xff, 0xf1, 0x3f, 0xff, 0xff, 0xff, 0xff, 0xff, 0xff,
    0xff, 0xff, 0xff, 0xff, 0xff, 0xf1, 0x3f, 0xff, 0xf5, 0x0, 0x0, 0x0, 0x0,
    0x0, 0x0, 0x0, 0x7f, 0xff, 0xf1, 0x3f, 0xff, 0xf5, 0x0, 0x0, 0x0, 0x0, 0x0,
    0x0, 0x0, 0x7f, 0xff, 0xf1, 0x3f, 0xff, 0xf5, 0x0, 0x0, 0x0, 0x0, 0x0, 0x0,
    0x0, 0x7f, 0xff, 0xf1, 0x3f, 0xff, 0xf5, 0x0, 0x0, 0x0, 0x0, 0x0, 0x0, 0x0,
    0x7f, 0xff, 0xf1, 0x3f, 0xff, 0xf5, 0x0, 0x0, 0x0, 0x0, 0x0, 0x0, 0x0, 0x7f,
    0xff, 0xf1, 0x3f, 0xff, 0xf5, 0x0, 0x0, 0x0, 0x0, 0x0, 0x0, 0x0, 0x7f, 0xff,
    0xf1, 0x3f, 0xff, 0xf5, 0x0, 0x0, 0x0, 0x0, 0x0, 0x0, 0x0, 0x7f, 0xff, 0xf1,
    0x3f, 0xff, 0xf5, 0x0, 0x0, 0x0, 0x0, 0x0, 0x0, 0x0, 0x7f, 0xff, 0xf1, 0x3f,
    0xff, 0xf5, 0x0, 0x0, 0x0, 0x0, 0x0, 0x0, 0x0, 0x7f, 0xff, 0xf1, 0x3f, 0xff,
    0xf5, 0x0, 0x0, 0x0, 0x0, 0x0, 0x0, 0x0, 0x7f, 0xff, 0xf1, 0x3f, 0xff, 0xf5,
    0x0, 0x0, 0x0, 0x0, 0x0, 0x0, 0x0, 0x7f, 0xff, 0xf1, 0x3f, 0xff, 0xf5, 0x0,
    0x0, 0x0, 0x0, 0x0, 0x0, 0x0, 0x7f, 0xff, 0xf1, 0x3f, 0xff, 0xf5, 0x0, 0x0,
    0x0, 0x0, 0x0, 0x0, 0x0, 0x7f, 0xff, 0xf1, 0x3f, 0xff, 0xf5, 0x0, 0x0, 0x0,
    0x0, 0x0, 0x0, 0x0, 0x7f, 0xff, 0xf1,

    /* U+0049 "I" */
    0x3f, 0xff, 0xf5, 0x3f, 0xff, 0xf5, 0x3f, 0xff, 0xf5, 0x3f, 0xff, 0xf5,
    0x3f, 0xff, 0xf5, 0x3f, 0xff, 0xf5, 0x3f, 0xff, 0xf5, 0x3f, 0xff, 0xf5,
    0x3f, 0xff, 0xf5, 0x3f, 0xff, 0xf5, 0x3f, 0xff, 0xf5, 0x3f, 0xff, 0xf5,
    0x3f, 0xff, 0xf5, 0x3f, 0xff, 0xf5, 0x3f, 0xff, 0xf5, 0x3f, 0xff, 0xf5,
    0x3f, 0xff, 0xf5, 0x3f, 0xff, 0xf5, 0x3f, 0xff, 0xf5, 0x3f, 0xff, 0xf5,
    0x3f, 0xff, 0xf5, 0x3f, 0xff, 0xf5, 0x3f, 0xff, 0xf5, 0x3f, 0xff, 0xf5,
    0x3f, 0xff, 0xf5, 0x3f, 0xff, 0xf5, 0x3f, 0xff, 0xf5, 0x3f, 0xff, 0xf5,
    0x3f, 0xff, 0xf5, 0x3f, 0xff, 0xf5,

    /* U+004A "J" */
    0x0, 0x0, 0x0, 0x0, 0x0, 0x0, 0x0, 0x6f, 0xff, 0xf3, 0x0, 0x0, 0x0, 0x0,
    0x0, 0x0, 0x0, 0x6f, 0xff, 0xf3, 0x0, 0x0, 0x0, 0x0, 0x0, 0x0, 0x0, 0x6f,
    0xff, 0xf3, 0x0, 0x0, 0x0, 0x0, 0x0, 0x0, 0x0, 0x6f, 0xff, 0xf3, 0x0, 0x0,
    0x0, 0x0, 0x0, 0x0, 0x0, 0x6f, 0xff, 0xf3, 0x0, 0x0, 0x0, 0x0, 0x0, 0x0,
    0x0, 0x6f, 0xff, 0xf3, 0x0, 0x0, 0x0, 0x0, 0x0, 0x0, 0x0, 0x6f, 0xff, 0xf3,
    0x0, 0x0, 0x0, 0x0, 0x0, 0x0, 0x0, 0x6f, 0xff, 0xf3, 0x0, 0x0, 0x0, 0x0,
    0x0, 0x0, 0x0, 0x6f, 0xff, 0xf3, 0x0, 0x0, 0x0, 0x0, 0x0, 0x0, 0x0, 0x6f,
    0xff, 0xf3, 0x0, 0x0, 0x0, 0x0, 0x0, 0x0, 0x0, 0x6f, 0xff, 0xf3, 0x0, 0x0,
    0x0, 0x0, 0x0, 0x0, 0x0, 0x6f, 0xff, 0xf3, 0x0, 0x0, 0x0, 0x0, 0x0, 0x0,
    0x0, 0x6f, 0xff, 0xf3, 0x0, 0x0, 0x0, 0x0, 0x0, 0x0, 0x0, 0x6f, 0xff, 0xf3,
    0x0, 0x0, 0x0, 0x0, 0x0, 0x0, 0x0, 0x6f, 0xff, 0xf3, 0x0, 0x0, 0x0, 0x0,
    0x0, 0x0, 0x0, 0x6f, 0xff, 0xf3, 0x0, 0x0, 0x0, 0x0, 0x0, 0x0, 0x0, 0x6f,
    0xff, 0xf3, 0x0, 0x0, 0x0, 0x0, 0x0, 0x0, 0x0, 0x6f, 0xff, 0xf3, 0x0, 0x0,
    0x0, 0x0, 0x0, 0x0, 0x0, 0x6f, 0xff, 0xf3, 0x7d, 0xdd, 0xb0, 0x0, 0x0, 0x0,
    0x0, 0x6f, 0xff, 0xf3, 0x8f, 0xff, 0xd0, 0x0, 0x0, 0x0, 0x0, 0x6f, 0xff,
    0xf3, 0x8f, 0xff, 0xe0, 0x0, 0x0, 0x0, 0x0, 0x6f, 0xff, 0xf2, 0x7f, 0xff,
    0xf0, 0x0, 0x0, 0x0, 0x0, 0x8f, 0xff, 0xf1, 0x4f, 0xff, 0xf5, 0x0, 0x0, 0x0,
    0x0, 0xdf, 0xff, 0xe0, 0xf, 0xff, 0xfe, 0x10, 0x0, 0x0, 0x8, 0xff, 0xff,
    0xa0, 0x9, 0xff, 0xff, 0xe6, 0x10, 0x3, 0xaf, 0xff, 0xff, 0x30, 0x1, 0xef,
    0xff, 0xff, 0xff, 0xff, 0xff, 0xff, 0xf9, 0x0, 0x0, 0x2e, 0xff, 0xff, 0xff,
    0xff, 0xff, 0xff, 0xb0, 0x0, 0x0, 0x1, 0xbf, 0xff, 0xff, 0xff, 0xff, 0xf7,
    0x0, 0x0, 0x0, 0x0, 0x3, 0x8c, 0xef, 0xfd, 0xa6, 0x10, 0x0, 0x0,

    /* U+004B "K" */
    0x3f, 0xff, 0xf5, 0x0, 0x0, 0x0, 0x0, 0x0, 0x0, 0x6f, 0xff, 0xff, 0x53,
    0xff, 0xff, 0x50, 0x0, 0x0, 0x0, 0x0, 0x0, 0x5f, 0xff, 0xff, 0x60, 0x3f,
    0xff, 0xf5, 0x0, 0x0, 0x0, 0x0, 0x0, 0x4f, 0xff, 0xff, 0x80, 0x3, 0xff,
    0xff, 0x50, 0x0, 0x0, 0x0, 0x0, 0x3f, 0xff, 0xff, 0x90, 0x0, 0x3f, 0xff,
    0xf5, 0x0, 0x0, 0x0, 0x0, 0x2e, 0xff, 0xff, 0xa0, 0x0, 0x3, 0xff, 0xff,
    0x50, 0x0, 0x0, 0x0, 0x2e, 0xff, 0xff, 0xb0, 0x0, 0x0, 0x3f, 0xff, 0xf5,
    0x0, 0x0, 0x0, 0x1d, 0xff, 0xff, 0xc0, 0x0, 0x0, 0x3, 0xff, 0xff, 0x50, 0x0,
    0x0, 0xd, 0xff, 0xff, 0xc0, 0x0, 0x0, 0x0, 0x3f, 0xff, 0xf5, 0x0, 0x0, 0xc,
    0xff, 0xff, 0xd1, 0x0, 0x0, 0x0, 0x3, 0xff, 0xff, 0x50, 0x0, 0xb, 0xff,
    0xff, 0xe1, 0x0, 0x0, 0x0, 0x0, 0x3f, 0xff, 0xf5, 0x0, 0xa, 0xff, 0xff,
    0xe2, 0x0, 0x0, 0x0, 0x0, 0x3, 0xff, 0xff, 0x50, 0x8, 0xff, 0xff, 0xf3, 0x0,
    0x0, 0x0, 0x0, 0x0, 0x3f, 0xff, 0xf5, 0x7, 0xff, 0xff, 0xf3, 0x0, 0x0, 0x0,
    0x0, 0x0, 0x3, 0xff, 0xff, 0x55, 0xff, 0xff, 0xff, 0x20, 0x0, 0x0, 0x0, 0x0,
    0x0, 0x3f, 0xff, 0xf9, 0xff, 0xff, 0xff, 0xfd, 0x0, 0x0, 0x0, 0x0, 0x0, 0x3,
    0xff, 0xff, 0xff, 0xff, 0xff, 0xff, 0xf8, 0x0, 0x0, 0x0, 0x0, 0x0, 0x3f,
    0xff, 0xff, 0xff, 0xf5, 0xef, 0xff, 0xf4, 0x0, 0x0, 0x0, 0x0, 0x3, 0xff,
    0xff, 0xff, 0xf5, 0x4, 0xff, 0xff, 0xe1, 0x0, 0x0, 0x0, 0x0, 0x3f, 0xff,
    0xff, 0xf6, 0x0, 0x9, 0xff, 0xff, 0xb0, 0x0, 0x0, 0x0, 0x3, 0xff, 0xff,
    0xf7, 0x0, 0x0, 0xd, 0xff, 0xff, 0x60, 0x0, 0x0, 0x0, 0x3f, 0xff, 0xf9, 0x0,
    0x0, 0x0, 0x3f, 0xff, 0xff, 0x20, 0x0, 0x0, 0x3, 0xff, 0xff, 0x50, 0x0, 0x0,
    0x0, 0x7f, 0xff, 0xfd, 0x0, 0x0, 0x0, 0x3f, 0xff, 0xf5, 0x0, 0x0, 0x0, 0x0,
    0xbf, 0xff, 0xf8, 0x0, 0x0, 0x3, 0xff, 0xff, 0x50, 0x0, 0x0, 0x0, 0x1, 0xef,
    0xff, 0xf4, 0x0, 0x0, 0x3f, 0xff, 0xf5, 0x0, 0x0, 0x0, 0x0, 0x5, 0xff, 0xff,
    0xe1, 0x0, 0x3, 0xff, 0xff, 0x50, 0x0, 0x0, 0x0, 0x0, 0x9, 0xff, 0xff, 0xb0,
    0x0, 0x3f, 0xff, 0xf5, 0x0, 0x0, 0x0, 0x0, 0x0, 0xd, 0xff, 0xff, 0x60, 0x3,
    0xff, 0xff, 0x50, 0x0, 0x0, 0x0, 0x0, 0x0, 0x3f, 0xff, 0xff, 0x20, 0x3f,
    0xff, 0xf5, 0x0, 0x0, 0x0, 0x0, 0x0, 0x0, 0x7f, 0xff, 0xfd, 0x3, 0xff, 0xff,
    0x50, 0x0, 0x0, 0x0, 0x0, 0x0, 0x0, 0xcf, 0xff, 0xf9,

    /* U+004C "L" */
    0x3f, 0xff, 0xf5, 0x0, 0x0, 0x0, 0x0, 0x0, 0x0, 0x0, 0x3f, 0xff, 0xf5, 0x0,
    0x0, 0x0, 0x0, 0x0, 0x0, 0x0, 0x3f, 0xff, 0xf5, 0x0, 0x0, 0x0, 0x0, 0x0,
    0x0, 0x0, 0x3f, 0xff, 0xf5, 0x0, 0x0, 0x0, 0x0, 0x0, 0x0, 0x0, 0x3f, 0xff,
    0xf5, 0x0, 0x0, 0x0, 0x0, 0x0, 0x0, 0x0, 0x3f, 0xff, 0xf5, 0x0, 0x0, 0x0,
    0x0, 0x0, 0x0, 0x0, 0x3f, 0xff, 0xf5, 0x0, 0x0, 0x0, 0x0, 0x0, 0x0, 0x0,
    0x3f, 0xff, 0xf5, 0x0, 0x0, 0x0, 0x0, 0x0, 0x0, 0x0, 0x3f, 0xff, 0xf5, 0x0,
    0x0, 0x0, 0x0, 0x0, 0x0, 0x0, 0x3f, 0xff, 0xf5, 0x0, 0x0, 0x0, 0x0, 0x0,
    0x0, 0x0, 0x3f, 0xff, 0xf5, 0x0, 0x0, 0x0, 0x0, 0x0, 0x0, 0x0, 0x3f, 0xff,
    0xf5, 0x0, 0x0, 0x0, 0x0, 0x0, 0x0, 0x0, 0x3f, 0xff, 0xf5, 0x0, 0x0, 0x0,
    0x0, 0x0, 0x0, 0x0, 0x3f, 0xff, 0xf5, 0x0, 0x0, 0x0, 0x0, 0x0, 0x0, 0x0,
    0x3f, 0xff, 0xf5, 0x0, 0x0, 0x0, 0x0, 0x0, 0x0, 0x0, 0x3f, 0xff, 0xf5, 0x0,
    0x0, 0x0, 0x0, 0x0, 0x0, 0x0, 0x3f, 0xff, 0xf5, 0x0, 0x0, 0x0, 0x0, 0x0,
    0x0, 0x0, 0x3f, 0xff, 0xf5, 0x0, 0x0, 0x0, 0x0, 0x0, 0x0, 0x0, 0x3f, 0xff,
    0xf5, 0x0, 0x0, 0x0, 0x0, 0x0, 0x0, 0x0, 0x3f, 0xff, 0xf5, 0x0, 0x0, 0x0,
    0x0, 0x0, 0x0, 0x0, 0x3f, 0xff, 0xf5, 0x0, 0x0, 0x0, 0x0, 0x0, 0x0, 0x0,
    0x3f, 0xff, 0xf5, 0x0, 0x0, 0x0, 0x0, 0x0, 0x0, 0x0, 0x3f, 0xff, 0xf5, 0x0,
    0x0, 0x0, 0x0, 0x0, 0x0, 0x0, 0x3f, 0xff, 0xf5, 0x0, 0x0, 0x0, 0x0, 0x0,
    0x0, 0x0, 0x3f, 0xff, 0xf5, 0x0, 0x0, 0x0, 0x0, 0x0, 0x0, 0x0, 0x3f, 0xff,
    0xf5, 0x0, 0x0, 0x0, 0x0, 0x0, 0x0, 0x0, 0x3f, 0xff, 0xff, 0xff, 0xff, 0xff,
    0xff, 0xff, 0xff, 0xfc, 0x3f, 0xff, 0xff, 0xff, 0xff, 0xff, 0xff, 0xff,
    0xff, 0xfc, 0x3f, 0xff, 0xff, 0xff, 0xff, 0xff, 0xff, 0xff, 0xff, 0xfc,
    0x3f, 0xff, 0xff, 0xff, 0xff, 0xff, 0xff, 0xff, 0xff, 0xfc,

    /* U+004D "M" */
    0x3f, 0xff, 0xff, 0xf6, 0x0, 0x0, 0x0, 0x0, 0x0, 0x0, 0x0, 0x0, 0xe, 0xff,
    0xff, 0xfb, 0x3f, 0xff, 0xff, 0xfc, 0x0, 0x0, 0x0, 0x0, 0x0, 0x0, 0x0, 0x0,
    0x4f, 0xff, 0xff, 0xfb, 0x3f, 0xff, 0xff, 0xff, 0x20, 0x0, 0x0, 0x0, 0x0,
    0x0, 0x0, 0x0, 0xaf, 0xff, 0xff, 0xfb, 0x3f, 0xff, 0xff, 0xff, 0x90, 0x0,
    0x0, 0x0, 0x0, 0x0, 0x0, 0x1, 0xff, 0xff, 0xff, 0xfb, 0x3f, 0xff, 0xff,
    0xff, 0xe0, 0x0, 0x0, 0x0, 0x0, 0x0, 0x0, 0x6, 0xff, 0xff, 0xff, 0xfb, 0x3f,
    0xff, 0xff, 0xff, 0xf5, 0x0, 0x0, 0x0, 0x0, 0x0, 0x0, 0xd, 0xff, 0xff, 0xff,
    0xfb, 0x3f, 0xff, 0xfd, 0xff, 0xfb, 0x0, 0x0, 0x0, 0x0, 0x0, 0x0, 0x3f,
    0xff, 0xfb, 0xff, 0xfb, 0x3f, 0xff, 0xf8, 0xff, 0xff, 0x20, 0x0, 0x0, 0x0,
    0x0, 0x0, 0x9f, 0xff, 0xca, 0xff, 0xfb, 0x3f, 0xff, 0xf3, 0xff, 0xff, 0x80,
    0x0, 0x0, 0x0, 0x0, 0x0, 0xef, 0xff, 0x6a, 0xff, 0xfb, 0x3f, 0xff, 0xf3,
    0x9f, 0xff, 0xe0, 0x0, 0x0, 0x0, 0x0, 0x5, 0xff, 0xff, 0x1b, 0xff, 0xfb,
    0x3f, 0xff, 0xf3, 0x4f, 0xff, 0xf4, 0x0, 0x0, 0x0, 0x0, 0xb, 0xff, 0xfb,
    0xb, 0xff, 0xfb, 0x3f, 0xff, 0xf4, 0xe, 0xff, 0xfb, 0x0, 0x0, 0x0, 0x0,
    0x2f, 0xff, 0xf5, 0xb, 0xff, 0xfb, 0x3f, 0xff, 0xf4, 0x8, 0xff, 0xff, 0x10,
    0x0, 0x0, 0x0, 0x8f, 0xff, 0xf0, 0xb, 0xff, 0xfb, 0x3f, 0xff, 0xf4, 0x2,
    0xff, 0xff, 0x70, 0x0, 0x0, 0x0, 0xef, 0xff, 0xa0, 0xb, 0xff, 0xfb, 0x3f,
    0xff, 0xf4, 0x0, 0xcf, 0xff, 0xd0, 0x0, 0x0, 0x4, 0xff, 0xff, 0x30, 0xb,
    0xff, 0xfb, 0x3f, 0xff, 0xf4, 0x0, 0x5f, 0xff, 0xf4, 0x0, 0x0, 0xa, 0xff,
    0xfd, 0x0, 0xb, 0xff, 0xfb, 0x3f, 0xff, 0xf4, 0x0, 0xe, 0xff, 0xfa, 0x0,
    0x0, 0x1f, 0xff, 0xf7, 0x0, 0xb, 0xff, 0xfb, 0x3f, 0xff, 0xf4, 0x0, 0x9,
    0xff, 0xff, 0x10, 0x0, 0x6f, 0xff, 0xf1, 0x0, 0xb, 0xff, 0xfb, 0x3f, 0xff,
    0xf4, 0x0, 0x2, 0xff, 0xff, 0x60, 0x0, 0xcf, 0xff, 0xa0, 0x0, 0xb, 0xff,
    0xfb, 0x3f, 0xff, 0xf4, 0x0, 0x0, 0xcf, 0xff, 0xb0, 0x2, 0xff, 0xff, 0x40,
    0x0, 0xb, 0xff, 0xfb, 0x3f, 0xff, 0xf4, 0x0, 0x0, 0x6f, 0xff, 0xf1, 0x7,
    0xff, 0xfd, 0x0, 0x0, 0xb, 0xff, 0xfb, 0x3f, 0xff, 0xf4, 0x0, 0x0, 0xe,
    0xff, 0xf7, 0xd, 0xff, 0xf7, 0x0, 0x0, 0xb, 0xff, 0xfb, 0x3f, 0xff, 0xf4,
    0x0, 0x0, 0x9, 0xff, 0xfc, 0x2f, 0xff, 0xf1, 0x0, 0x0, 0xb, 0xff, 0xfb,
    0x3f, 0xff, 0xf4, 0x0, 0x0, 0x2, 0xff, 0xff, 0xaf, 0xff, 0xb0, 0x0, 0x0,
    0xb, 0xff, 0xfb, 0x3f, 0xff, 0xf4, 0x0, 0x0, 0x0, 0xcf, 0xff, 0xff, 0xff,
    0x40, 0x0, 0x0, 0xb, 0xff, 0xfb, 0x3f, 0xff, 0xf4, 0x0, 0x0, 0x0, 0x6f,
    0xff, 0xff, 0xfe, 0x0, 0x0, 0x0, 0xb, 0xff, 0xfb, 0x3f, 0xff, 0xf4, 0x0,
    0x0, 0x0, 0xf, 0xff, 0xff, 0xf8, 0x0, 0x0, 0x0, 0xb, 0xff, 0xfb, 0x3f, 0xff,
    0xf4, 0x0, 0x0, 0x0, 0x9, 0xff, 0xff, 0xf2, 0x0, 0x0, 0x0, 0xb, 0xff, 0xfb,
    0x3f, 0xff, 0xf4, 0x0, 0x0, 0x0, 0x3, 0xff, 0xff, 0xb0, 0x0, 0x0, 0x0, 0xb,
    0xff, 0xfb, 0x3f, 0xff, 0xf4, 0x0, 0x0, 0x0, 0x0, 0xcf, 0xff, 0x50, 0x0,
    0x0, 0x0, 0xb, 0xff, 0xfb,

    /* U+004E "N" */
    0x3f, 0xff, 0xff, 0x20, 0x0, 0x0, 0x0, 0x0, 0x0, 0x0, 0x5f, 0xff, 0xf4,
    0x3f, 0xff, 0xff, 0xc0, 0x0, 0x0, 0x0, 0x0, 0x0, 0x0, 0x5f, 0xff, 0xf4,
    0x3f, 0xff, 0xff, 0xf6, 0x0, 0x0, 0x0, 0x0, 0x0, 0x0, 0x5f, 0xff, 0xf4,
    0x3f, 0xff, 0xff, 0xff, 0x20, 0x0, 0x0, 0x0, 0x0, 0x0, 0x5f, 0xff, 0xf4,
    0x3f, 0xff, 0xff, 0xff, 0xb0, 0x0, 0x0, 0x0, 0x0, 0x0, 0x5f, 0xff, 0xf4,
    0x3f, 0xff, 0xff, 0xff, 0xf5, 0x0, 0x0, 0x0, 0x0, 0x0, 0x5f, 0xff, 0xf4,
    0x3f, 0xff, 0xfd, 0xff, 0xfe, 0x10, 0x0, 0x0, 0x0, 0x0, 0x5f, 0xff, 0xf4,
    0x3f, 0xff, 0xf5, 0xff, 0xff, 0xa0, 0x0, 0x0, 0x0, 0x0, 0x5f, 0xff, 0xf4,
    0x3f, 0xff, 0xf3, 0x8f, 0xff, 0xf4, 0x0, 0x0, 0x0, 0x0, 0x5f, 0xff, 0xf4,
    0x3f, 0xff, 0xf4, 0xe, 0xff, 0xfe, 0x0, 0x0, 0x0, 0x0, 0x5f, 0xff, 0xf4,
    0x3f, 0xff, 0xf4, 0x5, 0xff, 0xff, 0x90, 0x0, 0x0, 0x0, 0x5f, 0xff, 0xf4,
    0x3f, 0xff, 0xf5, 0x0, 0xbf, 0xff, 0xf3, 0x0, 0x0, 0x0, 0x5f, 0xff, 0xf4,
    0x3f, 0xff, 0xf5, 0x0, 0x2f, 0xff, 0xfd, 0x0, 0x0, 0x0, 0x5f, 0xff, 0xf4,
    0x3f, 0xff, 0xf5, 0x0, 0x7, 0xff, 0xff, 0x80, 0x0, 0x0, 0x5f, 0xff, 0xf4,
    0x3f, 0xff, 0xf5, 0x0, 0x0, 0xcf, 0xff, 0xf2, 0x0, 0x0, 0x5f, 0xff, 0xf4,
    0x3f, 0xff, 0xf5, 0x0, 0x0, 0x2f, 0xff, 0xfc, 0x0, 0x0, 0x5f, 0xff, 0xf4,
    0x3f, 0xff, 0xf5, 0x0, 0x0, 0x8, 0xff, 0xff, 0x70, 0x0, 0x5f, 0xff, 0xf4,
    0x3f, 0xff, 0xf5, 0x0, 0x0, 0x0, 0xdf, 0xff, 0xf2, 0x0, 0x5f, 0xff, 0xf4,
    0x3f, 0xff, 0xf5, 0x0, 0x0, 0x0, 0x3f, 0xff, 0xfb, 0x0, 0x4f, 0xff, 0xf4,
    0x3f, 0xff, 0xf5, 0x0, 0x0, 0x0, 0x9, 0xff, 0xff, 0x50, 0x4f, 0xff, 0xf4,
    0x3f, 0xff, 0xf5, 0x0, 0x0, 0x0, 0x0, 0xef, 0xff, 0xe0, 0x4f, 0xff, 0xf4,
    0x3f, 0xff, 0xf5, 0x0, 0x0, 0x0, 0x0, 0x4f, 0xff, 0xf8, 0x4f, 0xff, 0xf4,
    0x3f, 0xff, 0xf5, 0x0, 0x0, 0x0, 0x0, 0xa, 0xff, 0xff, 0x5f, 0xff, 0xf4,
    0x3f, 0xff, 0xf5, 0x0, 0x0, 0x0, 0x0, 0x1, 0xef, 0xff, 0xdf, 0xff, 0xf4,
    0x3f, 0xff, 0xf5, 0x0, 0x0, 0x0, 0x0, 0x0, 0x5f, 0xff, 0xff, 0xff, 0xf4,
    0x3f, 0xff, 0xf5, 0x0, 0x0, 0x0, 0x0, 0x0, 0xb, 0xff, 0xff, 0xff, 0xf4,
    0x3f, 0xff, 0xf5, 0x0, 0x0, 0x0, 0x0, 0x0, 0x2, 0xff, 0xff, 0xff, 0xf4,
    0x3f, 0xff, 0xf5, 0x0, 0x0, 0x0, 0x0, 0x0, 0x0, 0x7f, 0xff, 0xff, 0xf4,
    0x3f, 0xff, 0xf5, 0x0, 0x0, 0x0, 0x0, 0x0, 0x0, 0xc, 0xff, 0xff, 0xf4, 0x3f,
    0xff, 0xf5, 0x0, 0x0, 0x0, 0x0, 0x0, 0x0, 0x2, 0xff, 0xff, 0xf4,

    /* U+004F "O" */
    0x0, 0x0, 0x0, 0x0, 0x1, 0x6a, 0xde, 0xff, 0xeb, 0x83, 0x0, 0x0, 0x0, 0x0,
    0x0, 0x0, 0x0, 0x0, 0x2a, 0xff, 0xff, 0xff, 0xff, 0xff, 0xfd, 0x50, 0x0,
    0x0, 0x0, 0x0, 0x0, 0x0, 0x7f, 0xff, 0xff, 0xff, 0xff, 0xff, 0xff, 0xff,
    0xb1, 0x0, 0x0, 0x0, 0x0, 0x0, 0xaf, 0xff, 0xff, 0xff, 0xff, 0xff, 0xff,
    0xff, 0xff, 0xe2, 0x0, 0x0, 0x0, 0x0, 0xaf, 0xff, 0xff, 0xfa, 0x63, 0x22,
    0x48, 0xef, 0xff, 0xff, 0xe2, 0x0, 0x0, 0x0, 0x7f, 0xff, 0xff, 0xa1, 0x0,
    0x0, 0x0, 0x0, 0x6f, 0xff, 0xff, 0xd0, 0x0, 0x0, 0x2f, 0xff, 0xff, 0x70,
    0x0, 0x0, 0x0, 0x0, 0x0, 0x2e, 0xff, 0xff, 0x80, 0x0, 0xa, 0xff, 0xff, 0x80,
    0x0, 0x0, 0x0, 0x0, 0x0, 0x0, 0x2f, 0xff, 0xff, 0x10, 0x2, 0xff, 0xff, 0xd0,
    0x0, 0x0, 0x0, 0x0, 0x0, 0x0, 0x0, 0x6f, 0xff, 0xf8, 0x0, 0x7f, 0xff, 0xf5,
    0x0, 0x0, 0x0, 0x0, 0x0, 0x0, 0x0, 0x0, 0xef, 0xff, 0xe0, 0xc, 0xff, 0xfe,
    0x0, 0x0, 0x0, 0x0, 0x0, 0x0, 0x0, 0x0, 0x7, 0xff, 0xff, 0x30, 0xff, 0xff,
    0xa0, 0x0, 0x0, 0x0, 0x0, 0x0, 0x0, 0x0, 0x0, 0x3f, 0xff, 0xf6, 0x2f, 0xff,
    0xf7, 0x0, 0x0, 0x0, 0x0, 0x0, 0x0, 0x0, 0x0, 0x0, 0xff, 0xff, 0x94, 0xff,
    0xff, 0x40, 0x0, 0x0, 0x0, 0x0, 0x0, 0x0, 0x0, 0x0, 0xe, 0xff, 0xfb, 0x5f,
    0xff, 0xf4, 0x0, 0x0, 0x0, 0x0, 0x0, 0x0, 0x0, 0x0, 0x0, 0xdf, 0xff, 0xc5,
    0xff, 0xff, 0x40, 0x0, 0x0, 0x0, 0x0, 0x0, 0x0, 0x0, 0x0, 0xd, 0xff, 0xfc,
    0x4f, 0xff, 0xf4, 0x0, 0x0, 0x0, 0x0, 0x0, 0x0, 0x0, 0x0, 0x0, 0xef, 0xff,
    0xb2, 0xff, 0xff, 0x60, 0x0, 0x0, 0x0, 0x0, 0x0, 0x0, 0x0, 0x0, 0xf, 0xff,
    0xf9, 0xf, 0xff, 0xfa, 0x0, 0x0, 0x0, 0x0, 0x0, 0x0, 0x0, 0x0, 0x3, 0xff,
    0xff, 0x70, 0xcf, 0xff, 0xe0, 0x0, 0x0, 0x0, 0x0, 0x0, 0x0, 0x0, 0x0, 0x7f,
    0xff, 0xf3, 0x8, 0xff, 0xff, 0x40, 0x0, 0x0, 0x0, 0x0, 0x0, 0x0, 0x0, 0xe,
    0xff, 0xfe, 0x0, 0x2f, 0xff, 0xfd, 0x0, 0x0, 0x0, 0x0, 0x0, 0x0, 0x0, 0x6,
    0xff, 0xff, 0x90, 0x0, 0xaf, 0xff, 0xf8, 0x0, 0x0, 0x0, 0x0, 0x0, 0x0, 0x2,
    0xff, 0xff, 0xf1, 0x0, 0x2, 0xff, 0xff, 0xf7, 0x0, 0x0, 0x0, 0x0, 0x0, 0x2,
    0xef, 0xff, 0xf8, 0x0, 0x0, 0x7, 0xff, 0xff, 0xfa, 0x10, 0x0, 0x0, 0x0, 0x6,
    0xff, 0xff, 0xfd, 0x0, 0x0, 0x0, 0xa, 0xff, 0xff, 0xff, 0xa6, 0x32, 0x24,
    0x8e, 0xff, 0xff, 0xfe, 0x20, 0x0, 0x0, 0x0, 0xa, 0xff, 0xff, 0xff, 0xff,
    0xff, 0xff, 0xff, 0xff, 0xfe, 0x20, 0x0, 0x0, 0x0, 0x0, 0x7, 0xff, 0xff,
    0xff, 0xff, 0xff, 0xff, 0xff, 0xfb, 0x10, 0x0, 0x0, 0x0, 0x0, 0x0, 0x2,
    0xaf, 0xff, 0xff, 0xff, 0xff, 0xff, 0xd5, 0x0, 0x0, 0x0, 0x0, 0x0, 0x0, 0x0,
    0x0, 0x16, 0xad, 0xef, 0xfe, 0xb8, 0x30, 0x0, 0x0, 0x0, 0x0,

    /* U+0050 "P" */
    0x3f, 0xff, 0xff, 0xff, 0xff, 0xff, 0xfe, 0xc9, 0x50, 0x0, 0x0, 0x3, 0xff,
    0xff, 0xff, 0xff, 0xff, 0xff, 0xff, 0xff, 0xe6, 0x0, 0x0, 0x3f, 0xff, 0xff,
    0xff, 0xff, 0xff, 0xff, 0xff, 0xff, 0xfb, 0x0, 0x3, 0xff, 0xff, 0xff, 0xff,
    0xff, 0xff, 0xff, 0xff, 0xff, 0xfb, 0x0, 0x3f, 0xff, 0xf5, 0x0, 0x0, 0x0,
    0x1, 0x5b, 0xff, 0xff, 0xf7, 0x3, 0xff, 0xff, 0x50, 0x0, 0x0, 0x0, 0x0, 0x6,
    0xff, 0xff, 0xe0, 0x3f, 0xff, 0xf5, 0x0, 0x0, 0x0, 0x0, 0x0, 0x8, 0xff,
    0xff, 0x43, 0xff, 0xff, 0x50, 0x0, 0x0, 0x0, 0x0, 0x0, 0x1f, 0xff, 0xf9,
    0x3f, 0xff, 0xf5, 0x0, 0x0, 0x0, 0x0, 0x0, 0x0, 0xdf, 0xff, 0xa3, 0xff,
    0xff, 0x50, 0x0, 0x0, 0x0, 0x0, 0x0, 0xc, 0xff, 0xfb, 0x3f, 0xff, 0xf5, 0x0,
    0x0, 0x0, 0x0, 0x0, 0x0, 0xdf, 0xff, 0xa3, 0xff, 0xff, 0x50, 0x0, 0x0, 0x0,
    0x0, 0x0, 0x1f, 0xff, 0xf8, 0x3f, 0xff, 0xf5, 0x0, 0x0, 0x0, 0x0, 0x0, 0x9,
    0xff, 0xff, 0x43, 0xff, 0xff, 0x50, 0x0, 0x0, 0x0, 0x0, 0x8, 0xff, 0xff,
    0xe0, 0x3f, 0xff, 0xf5, 0x0, 0x0, 0x0, 0x2, 0x6c, 0xff, 0xff, 0xf6, 0x3,
    0xff, 0xff, 0xff, 0xff, 0xff, 0xff, 0xff, 0xff, 0xff, 0xfa, 0x0, 0x3f, 0xff,
    0xff, 0xff, 0xff, 0xff, 0xff, 0xff, 0xff, 0xf9, 0x0, 0x3, 0xff, 0xff, 0xff,
    0xff, 0xff, 0xff, 0xff, 0xff, 0xd4, 0x0, 0x0, 0x3f, 0xff, 0xff, 0xee, 0xee,
    0xee, 0xed, 0xb8, 0x30, 0x0, 0x0, 0x3, 0xff, 0xff, 0x50, 0x0, 0x0, 0x0, 0x0,
    0x0, 0x0, 0x0, 0x0, 0x3f, 0xff, 0xf5, 0x0, 0x0, 0x0, 0x0, 0x0, 0x0, 0x0,
    0x0, 0x3, 0xff, 0xff, 0x50, 0x0, 0x0, 0x0, 0x0, 0x0, 0x0, 0x0, 0x0, 0x3f,
    0xff, 0xf5, 0x0, 0x0, 0x0, 0x0, 0x0, 0x0, 0x0, 0x0, 0x3, 0xff, 0xff, 0x50,
    0x0, 0x0, 0x0, 0x0, 0x0, 0x0, 0x0, 0x0, 0x3f, 0xff, 0xf5, 0x0, 0x0, 0x0,
    0x0, 0x0, 0x0, 0x0, 0x0, 0x3, 0xff, 0xff, 0x50, 0x0, 0x0, 0x0, 0x0, 0x0,
    0x0, 0x0, 0x0, 0x3f, 0xff, 0xf5, 0x0, 0x0, 0x0, 0x0, 0x0, 0x0, 0x0, 0x0,
    0x3, 0xff, 0xff, 0x50, 0x0, 0x0, 0x0, 0x0, 0x0, 0x0, 0x0, 0x0, 0x3f, 0xff,
    0xf5, 0x0, 0x0, 0x0, 0x0, 0x0, 0x0, 0x0, 0x0, 0x3, 0xff, 0xff, 0x50, 0x0,
    0x0, 0x0, 0x0, 0x0, 0x0, 0x0, 0x0,

    /* U+0051 "Q" */
    0x0, 0x0, 0x0, 0x0, 0x1, 0x6a, 0xde, 0xff, 0xeb, 0x83, 0x0, 0x0, 0x0, 0x0,
    0x0, 0x0, 0x0, 0x0, 0x2a, 0xff, 0xff, 0xff, 0xff, 0xff, 0xfd, 0x50, 0x0,
    0x0, 0x0, 0x0, 0x0, 0x0, 0x7f, 0xff, 0xff, 0xff, 0xff, 0xff, 0xff, 0xff,
    0xb1, 0x0, 0x0, 0x0, 0x0, 0x0, 0xaf, 0xff, 0xff, 0xff, 0xff, 0xff, 0xff,
    0xff, 0xff, 0xe3, 0x0, 0x0, 0x0, 0x0, 0xaf, 0xff, 0xff, 0xfa, 0x63, 0x22,
    0x48, 0xef, 0xff, 0xff, 0xe2, 0x0, 0x0, 0x0, 0x7f, 0xff, 0xff, 0xa1, 0x0,
    0x0, 0x0, 0x0, 0x6f, 0xff, 0xff, 0xd0, 0x0, 0x0, 0x2f, 0xff, 0xff, 0x70,
    0x0, 0x0, 0x0, 0x0, 0x0, 0x2e, 0xff, 0xff, 0x80, 0x0, 0xa, 0xff, 0xff, 0x80,
    0x0, 0x0, 0x0, 0x0, 0x0, 0x0, 0x2f, 0xff, 0xff, 0x20, 0x2, 0xff, 0xff, 0xd0,
    0x0, 0x0, 0x0, 0x0, 0x0, 0x0, 0x0, 0x7f, 0xff, 0xf9, 0x0, 0x7f, 0xff, 0xf5,
    0x0, 0x0, 0x0, 0x0, 0x0, 0x0, 0x0, 0x0, 0xef, 0xff, 0xe0, 0xc, 0xff, 0xfe,
    0x0, 0x0, 0x0, 0x0, 0x0, 0x0, 0x0, 0x0, 0x7, 0xff, 0xff, 0x30, 0xff, 0xff,
    0xa0, 0x0, 0x0, 0x0, 0x0, 0x0, 0x0, 0x0, 0x0, 0x3f, 0xff, 0xf7, 0x2f, 0xff,
    0xf7, 0x0, 0x0, 0x0, 0x0, 0x0, 0x0, 0x0, 0x0, 0x0, 0xff, 0xff, 0x94, 0xff,
    0xff, 0x40, 0x0, 0x0, 0x0, 0x0, 0x0, 0x0, 0x0, 0x0, 0xe, 0xff, 0xfb, 0x5f,
    0xff, 0xf4, 0x0, 0x0, 0x0, 0x0, 0x0, 0x0, 0x0, 0x0, 0x0, 0xdf, 0xff, 0xc5,
    0xff, 0xff, 0x40, 0x0, 0x0, 0x0, 0x0, 0x0, 0x0, 0x0, 0x0, 0xd, 0xff, 0xfc,
    0x4f, 0xff, 0xf4, 0x0, 0x0, 0x0, 0x0, 0x0, 0x0, 0x0, 0x0, 0x0, 0xef, 0xff,
    0xb2, 0xff, 0xff, 0x60, 0x0, 0x0, 0x0, 0x0, 0x0, 0x0, 0x0, 0x0, 0xf, 0xff,
    0xf9, 0xf, 0xff, 0xfa, 0x0, 0x0, 0x0, 0x0, 0x0, 0x0, 0x0, 0x0, 0x3, 0xff,
    0xff, 0x60, 0xcf, 0xff, 0xe0, 0x0, 0x0, 0x0, 0x0, 0x0, 0x0, 0x0, 0x0, 0x8f,
    0xff, 0xf3, 0x8, 0xff, 0xff, 0x40, 0x0, 0x0, 0xb, 0xff, 0xfa, 0x0, 0x0, 0xe,
    0xff, 0xfe, 0x0, 0x2f, 0xff, 0xfd, 0x0, 0x0, 0x0, 0x1e, 0xff, 0xf8, 0x0,
    0x7, 0xff, 0xff, 0x80, 0x0, 0xaf, 0xff, 0xf8, 0x0, 0x0, 0x0, 0x3f, 0xff,
    0xf5, 0x3, 0xff, 0xff, 0xf1, 0x0, 0x2, 0xff, 0xff, 0xf7, 0x0, 0x0, 0x0,
    0x5f, 0xff, 0xf5, 0xef, 0xff, 0xf7, 0x0, 0x0, 0x7, 0xff, 0xff, 0xfa, 0x10,
    0x0, 0x0, 0x8f, 0xff, 0xff, 0xff, 0xfc, 0x0, 0x0, 0x0, 0xa, 0xff, 0xff,
    0xff, 0xa6, 0x32, 0x24, 0xef, 0xff, 0xff, 0xfe, 0x10, 0x0, 0x0, 0x0, 0xa,
    0xff, 0xff, 0xff, 0xff, 0xff, 0xff, 0xff, 0xff, 0xfd, 0x20, 0x0, 0x0, 0x0,
    0x0, 0x7, 0xff, 0xff, 0xff, 0xff, 0xff, 0xff, 0xff, 0xff, 0x60, 0x0, 0x0,
    0x0, 0x0, 0x0, 0x2, 0xaf, 0xff, 0xff, 0xff, 0xff, 0xff, 0xff, 0xff, 0x20,
    0x0, 0x0, 0x0, 0x0, 0x0, 0x0, 0x16, 0xad, 0xef, 0xed, 0xb7, 0x2a, 0xff,
    0xfd, 0x0, 0x0, 0x0, 0x0, 0x0, 0x0, 0x0, 0x0, 0x0, 0x0, 0x0, 0x0, 0xe, 0xff,
    0xf9, 0x0, 0x0, 0x0, 0x0, 0x0, 0x0, 0x0, 0x0, 0x0, 0x0, 0x0, 0x0, 0x3f,
    0xff, 0xf5, 0x0, 0x0, 0x0, 0x0, 0x0, 0x0, 0x0, 0x0, 0x0, 0x0, 0x0, 0x0,
    0x58, 0x88, 0x70, 0x0,

    /* U+0052 "R" */
    0x3f, 0xff, 0xff, 0xff, 0xff, 0xff, 0xfe, 0xda, 0x61, 0x0, 0x0, 0x0, 0x3f,
    0xff, 0xff, 0xff, 0xff, 0xff, 0xff, 0xff, 0xff, 0x90, 0x0, 0x0, 0x3f, 0xff,
    0xff, 0xff, 0xff, 0xff, 0xff, 0xff, 0xff, 0xfe, 0x30, 0x0, 0x3f, 0xff, 0xff,
    0xee, 0xee, 0xee, 0xef, 0xff, 0xff, 0xff, 0xe2, 0x0, 0x3f, 0xff, 0xf5, 0x0,
    0x0, 0x0, 0x0, 0x39, 0xff, 0xff, 0xfc, 0x0, 0x3f, 0xff, 0xf5, 0x0, 0x0, 0x0,
    0x0, 0x0, 0x2e, 0xff, 0xff, 0x40, 0x3f, 0xff, 0xf5, 0x0, 0x0, 0x0, 0x0, 0x0,
    0x3, 0xff, 0xff, 0x90, 0x3f, 0xff, 0xf5, 0x0, 0x0, 0x0, 0x0, 0x0, 0x0, 0xcf,
    0xff, 0xe0, 0x3f, 0xff, 0xf5, 0x0, 0x0, 0x0, 0x0, 0x0, 0x0, 0x8f, 0xff,
    0xf0, 0x3f, 0xff, 0xf5, 0x0, 0x0, 0x0, 0x0, 0x0, 0x0, 0x7f, 0xff, 0xf0,
    0x3f, 0xff, 0xf5, 0x0, 0x0, 0x0, 0x0, 0x0, 0x0, 0x8f, 0xff, 0xf0, 0x3f,
    0xff, 0xf5, 0x0, 0x0, 0x0, 0x0, 0x0, 0x0, 0xcf, 0xff, 0xd0, 0x3f, 0xff,
    0xf5, 0x0, 0x0, 0x0, 0x0, 0x0, 0x4, 0xff, 0xff, 0x90, 0x3f, 0xff, 0xf5, 0x0,
    0x0, 0x0, 0x0, 0x0, 0x3f, 0xff, 0xff, 0x30, 0x3f, 0xff, 0xf5, 0x0, 0x0, 0x0,
    0x1, 0x4a, 0xff, 0xff, 0xfa, 0x0, 0x3f, 0xff, 0xff, 0xff, 0xff, 0xff, 0xff,
    0xff, 0xff, 0xff, 0xc0, 0x0, 0x3f, 0xff, 0xff, 0xff, 0xff, 0xff, 0xff, 0xff,
    0xff, 0xfb, 0x10, 0x0, 0x3f, 0xff, 0xff, 0xff, 0xff, 0xff, 0xff, 0xff, 0xfd,
    0x50, 0x0, 0x0, 0x3f, 0xff, 0xfe, 0xdd, 0xdd, 0xdd, 0xff, 0xff, 0xf2, 0x0,
    0x0, 0x0, 0x3f, 0xff, 0xf5, 0x0, 0x0, 0x0, 0x5f, 0xff, 0xfb, 0x0, 0x0, 0x0,
    0x3f, 0xff, 0xf5, 0x0, 0x0, 0x0, 0xc, 0xff, 0xff, 0x40, 0x0, 0x0, 0x3f,
    0xff, 0xf5, 0x0, 0x0, 0x0, 0x3, 0xff, 0xff, 0xc0, 0x0, 0x0, 0x3f, 0xff,
    0xf5, 0x0, 0x0, 0x0, 0x0, 0xbf, 0xff, 0xf5, 0x0, 0x0, 0x3f, 0xff, 0xf5, 0x0,
    0x0, 0x0, 0x0, 0x2f, 0xff, 0xfe, 0x0, 0x0, 0x3f, 0xff, 0xf5, 0x0, 0x0, 0x0,
    0x0, 0x9, 0xff, 0xff, 0x70, 0x0, 0x3f, 0xff, 0xf5, 0x0, 0x0, 0x0, 0x0, 0x1,
    0xff, 0xff, 0xf1, 0x0, 0x3f, 0xff, 0xf5, 0x0, 0x0, 0x0, 0x0, 0x0, 0x8f,
    0xff, 0xf9, 0x0, 0x3f, 0xff, 0xf5, 0x0, 0x0, 0x0, 0x0, 0x0, 0xe, 0xff, 0xff,
    0x20, 0x3f, 0xff, 0xf5, 0x0, 0x0, 0x0, 0x0, 0x0, 0x6, 0xff, 0xff, 0xb0,
    0x3f, 0xff, 0xf5, 0x0, 0x0, 0x0, 0x0, 0x0, 0x0, 0xdf, 0xff, 0xf4,

    /* U+0053 "S" */
    0x0, 0x0, 0x0, 0x5, 0x9c, 0xef, 0xfe, 0xc9, 0x50, 0x0, 0x0, 0x0, 0x0, 0x0,
    0x8, 0xff, 0xff, 0xff, 0xff, 0xff, 0xfe, 0x70, 0x0, 0x0, 0x0, 0x2, 0xef,
    0xff, 0xff, 0xff, 0xff, 0xff, 0xff, 0xfc, 0x10, 0x0, 0x0, 0x2e, 0xff, 0xff,
    0xff, 0xff, 0xff, 0xff, 0xff, 0xff, 0xc0, 0x0, 0x0, 0xcf, 0xff, 0xff, 0xa4,
    0x10, 0x1, 0x4a, 0xff, 0xff, 0xf9, 0x0, 0x4, 0xff, 0xff, 0xe3, 0x0, 0x0,
    0x0, 0x0, 0x4f, 0xff, 0xff, 0x20, 0x9, 0xff, 0xff, 0x30, 0x0, 0x0, 0x0, 0x0,
    0x5, 0xff, 0xff, 0x70, 0xc, 0xff, 0xfd, 0x0, 0x0, 0x0, 0x0, 0x0, 0x0, 0xdf,
    0xff, 0xc0, 0xd, 0xff, 0xfb, 0x0, 0x0, 0x0, 0x0, 0x0, 0x0, 0x8f, 0xff, 0xe0,
    0xb, 0xff, 0xfe, 0x0, 0x0, 0x0, 0x0, 0x0, 0x0, 0x14, 0x44, 0x30, 0x8, 0xff,
    0xff, 0x80, 0x0, 0x0, 0x0, 0x0, 0x0, 0x0, 0x0, 0x0, 0x2, 0xff, 0xff, 0xfc,
    0x40, 0x0, 0x0, 0x0, 0x0, 0x0, 0x0, 0x0, 0x0, 0x7f, 0xff, 0xff, 0xfe, 0x95,
    0x20, 0x0, 0x0, 0x0, 0x0, 0x0, 0x0, 0x7, 0xff, 0xff, 0xff, 0xff, 0xfe, 0xa6,
    0x20, 0x0, 0x0, 0x0, 0x0, 0x0, 0x3b, 0xff, 0xff, 0xff, 0xff, 0xff, 0xfd,
    0x71, 0x0, 0x0, 0x0, 0x0, 0x0, 0x28, 0xdf, 0xff, 0xff, 0xff, 0xff, 0xff,
    0x70, 0x0, 0x0, 0x0, 0x0, 0x0, 0x1, 0x59, 0xcf, 0xff, 0xff, 0xff, 0xfb, 0x0,
    0x0, 0x0, 0x0, 0x0, 0x0, 0x0, 0x0, 0x49, 0xef, 0xff, 0xff, 0x90, 0x0, 0x0,
    0x0, 0x0, 0x0, 0x0, 0x0, 0x0, 0x7, 0xff, 0xff, 0xf2, 0x0, 0x0, 0x0, 0x0,
    0x0, 0x0, 0x0, 0x0, 0x0, 0x6f, 0xff, 0xf8, 0x6f, 0xff, 0xf2, 0x0, 0x0, 0x0,
    0x0, 0x0, 0x0, 0xe, 0xff, 0xfb, 0x5f, 0xff, 0xf4, 0x0, 0x0, 0x0, 0x0, 0x0,
    0x0, 0xc, 0xff, 0xfc, 0x3f, 0xff, 0xf9, 0x0, 0x0, 0x0, 0x0, 0x0, 0x0, 0xe,
    0xff, 0xfb, 0xe, 0xff, 0xff, 0x30, 0x0, 0x0, 0x0, 0x0, 0x0, 0x6f, 0xff,
    0xf8, 0x7, 0xff, 0xff, 0xe3, 0x0, 0x0, 0x0, 0x0, 0x5, 0xff, 0xff, 0xf2, 0x0,
    0xef, 0xff, 0xff, 0xa5, 0x10, 0x0, 0x26, 0xcf, 0xff, 0xff, 0xa0, 0x0, 0x2e,
    0xff, 0xff, 0xff, 0xff, 0xff, 0xff, 0xff, 0xff, 0xfd, 0x0, 0x0, 0x3, 0xdf,
    0xff, 0xff, 0xff, 0xff, 0xff, 0xff, 0xff, 0xc1, 0x0, 0x0, 0x0, 0x8, 0xef,
    0xff, 0xff, 0xff, 0xff, 0xff, 0xd6, 0x0, 0x0, 0x0, 0x0, 0x0, 0x5, 0x9c,
    0xef, 0xff, 0xeb, 0x84, 0x0, 0x0, 0x0,

    /* U+0054 "T" */
    0xf, 0xff, 0xff, 0xff, 0xff, 0xff, 0xff, 0xff, 0xff, 0xff, 0xff, 0xff, 0xf0,
    0xff, 0xff, 0xff, 0xff, 0xff, 0xff, 0xff, 0xff, 0xff, 0xff, 0xff, 0xff, 0xf,
    0xff, 0xff, 0xff, 0xff, 0xff, 0xff, 0xff, 0xff, 0xff, 0xff, 0xff, 0xf0,
    0xff, 0xff, 0xff, 0xff, 0xff, 0xff, 0xff, 0xff, 0xff, 0xff, 0xff, 0xff, 0x0,
    0x0, 0x0, 0x0, 0x0, 0x4f, 0xff, 0xf4, 0x0, 0x0, 0x0, 0x0, 0x0, 0x0, 0x0,
    0x0, 0x0, 0x4, 0xff, 0xff, 0x40, 0x0, 0x0, 0x0, 0x0, 0x0, 0x0, 0x0, 0x0,
    0x0, 0x4f, 0xff, 0xf4, 0x0, 0x0, 0x0, 0x0, 0x0, 0x0, 0x0, 0x0, 0x0, 0x4,
    0xff, 0xff, 0x40, 0x0, 0x0, 0x0, 0x0, 0x0, 0x0, 0x0, 0x0, 0x0, 0x4f, 0xff,
    0xf4, 0x0, 0x0, 0x0, 0x0, 0x0, 0x0, 0x0, 0x0, 0x0, 0x4, 0xff, 0xff, 0x40,
    0x0, 0x0, 0x0, 0x0, 0x0, 0x0, 0x0, 0x0, 0x0, 0x4f, 0xff, 0xf4, 0x0, 0x0,
    0x0, 0x0, 0x0, 0x0, 0x0, 0x0, 0x0, 0x4, 0xff, 0xff, 0x40, 0x0, 0x0, 0x0,
    0x0, 0x0, 0x0, 0x0, 0x0, 0x0, 0x4f, 0xff, 0xf4, 0x0, 0x0, 0x0, 0x0, 0x0,
    0x0, 0x0, 0x0, 0x0, 0x4, 0xff, 0xff, 0x40, 0x0, 0x0, 0x0, 0x0, 0x0, 0x0,
    0x0, 0x0, 0x0, 0x4f, 0xff, 0xf4, 0x0, 0x0, 0x0, 0x0, 0x0, 0x0, 0x0, 0x0,
    0x0, 0x4, 0xff, 0xff, 0x40, 0x0, 0x0, 0x0, 0x0, 0x0, 0x0, 0x0, 0x0, 0x0,
    0x4f, 0xff, 0xf4, 0x0, 0x0, 0x0, 0x0, 0x0, 0x0, 0x0, 0x0, 0x0, 0x4, 0xff,
    0xff, 0x40, 0x0, 0x0, 0x0, 0x0, 0x0, 0x0, 0x0, 0x0, 0x0, 0x4f, 0xff, 0xf4,
    0x0, 0x0, 0x0, 0x0, 0x0, 0x0, 0x0, 0x0, 0x0, 0x4, 0xff, 0xff, 0x40, 0x0,
    0x0, 0x0, 0x0, 0x0, 0x0, 0x0, 0x0, 0x0, 0x4f, 0xff, 0xf4, 0x0, 0x0, 0x0,
    0x0, 0x0, 0x0, 0x0, 0x0, 0x0, 0x4, 0xff, 0xff, 0x40, 0x0, 0x0, 0x0, 0x0,
    0x0, 0x0, 0x0, 0x0, 0x0, 0x4f, 0xff, 0xf4, 0x0, 0x0, 0x0, 0x0, 0x0, 0x0,
    0x0, 0x0, 0x0, 0x4, 0xff, 0xff, 0x40, 0x0, 0x0, 0x0, 0x0, 0x0, 0x0, 0x0,
    0x0, 0x0, 0x4f, 0xff, 0xf4, 0x0, 0x0, 0x0, 0x0, 0x0, 0x0, 0x0, 0x0, 0x0,
    0x4, 0xff, 0xff, 0x40, 0x0, 0x0, 0x0, 0x0, 0x0, 0x0, 0x0, 0x0, 0x0, 0x4f,
    0xff, 0xf4, 0x0, 0x0, 0x0, 0x0, 0x0, 0x0, 0x0, 0x0, 0x0, 0x4, 0xff, 0xff,
    0x40, 0x0, 0x0, 0x0, 0x0, 0x0, 0x0, 0x0, 0x0, 0x0, 0x4f, 0xff, 0xf4, 0x0,
    0x0, 0x0, 0x0, 0x0, 0x0, 0x0, 0x0, 0x0, 0x4, 0xff, 0xff, 0x40, 0x0, 0x0,
    0x0, 0x0,

    /* U+0055 "U" */
    0x5f, 0xff, 0xf2, 0x0, 0x0, 0x0, 0x0, 0x0, 0x0, 0x0, 0xaf, 0xff, 0xe5, 0xff,
    0xff, 0x20, 0x0, 0x0, 0x0, 0x0, 0x0, 0x0, 0xa, 0xff, 0xfe, 0x5f, 0xff, 0xf2,
    0x0, 0x0, 0x0, 0x0, 0x0, 0x0, 0x0, 0xaf, 0xff, 0xe5, 0xff, 0xff, 0x20, 0x0,
    0x0, 0x0, 0x0, 0x0, 0x0, 0xa, 0xff, 0xfe, 0x5f, 0xff, 0xf2, 0x0, 0x0, 0x0,
    0x0, 0x0, 0x0, 0x0, 0xaf, 0xff, 0xe5, 0xff, 0xff, 0x20, 0x0, 0x0, 0x0, 0x0,
    0x0, 0x0, 0xa, 0xff, 0xfe, 0x5f, 0xff, 0xf2, 0x0, 0x0, 0x0, 0x0, 0x0, 0x0,
    0x0, 0xaf, 0xff, 0xe5, 0xff, 0xff, 0x20, 0x0, 0x0, 0x0, 0x0, 0x0, 0x0, 0xa,
    0xff, 0xfe, 0x5f, 0xff, 0xf2, 0x0, 0x0, 0x0, 0x0, 0x0, 0x0, 0x0, 0xaf, 0xff,
    0xe5, 0xff, 0xff, 0x20, 0x0, 0x0, 0x0, 0x0, 0x0, 0x0, 0xa, 0xff, 0xfe, 0x5f,
    0xff, 0xf2, 0x0, 0x0, 0x0, 0x0, 0x0, 0x0, 0x0, 0xaf, 0xff, 0xe5, 0xff, 0xff,
    0x20, 0x0, 0x0, 0x0, 0x0, 0x0, 0x0, 0xa, 0xff, 0xfe, 0x5f, 0xff, 0xf2, 0x0,
    0x0, 0x0, 0x0, 0x0, 0x0, 0x0, 0xaf, 0xff, 0xe5, 0xff, 0xff, 0x20, 0x0, 0x0,
    0x0, 0x0, 0x0, 0x0, 0xa, 0xff, 0xfe, 0x5f, 0xff, 0xf2, 0x0, 0x0, 0x0, 0x0,
    0x0, 0x0, 0x0, 0xaf, 0xff, 0xe5, 0xff, 0xff, 0x20, 0x0, 0x0, 0x0, 0x0, 0x0,
    0x0, 0xa, 0xff, 0xfe, 0x5f, 0xff, 0xf2, 0x0, 0x0, 0x0, 0x0, 0x0, 0x0, 0x0,
    0xaf, 0xff, 0xe5, 0xff, 0xff, 0x20, 0x0, 0x0, 0x0, 0x0, 0x0, 0x0, 0xa, 0xff,
    0xfe, 0x5f, 0xff, 0xf2, 0x0, 0x0, 0x0, 0x0, 0x0, 0x0, 0x0, 0xaf, 0xff, 0xe5,
    0xff, 0xff, 0x30, 0x0, 0x0, 0x0, 0x0, 0x0, 0x0, 0xa, 0xff, 0xfe, 0x4f, 0xff,
    0xf5, 0x0, 0x0, 0x0, 0x0, 0x0, 0x0, 0x0, 0xcf, 0xff, 0xd2, 0xff, 0xff, 0x90,
    0x0, 0x0, 0x0, 0x0, 0x0, 0x0, 0x1f, 0xff, 0xfb, 0xe, 0xff, 0xff, 0x20, 0x0,
    0x0, 0x0, 0x0, 0x0, 0x8, 0xff, 0xff, 0x70, 0x8f, 0xff, 0xfc, 0x0, 0x0, 0x0,
    0x0, 0x0, 0x4, 0xff, 0xff, 0xf1, 0x1, 0xff, 0xff, 0xfc, 0x20, 0x0, 0x0, 0x0,
    0x6, 0xff, 0xff, 0xf9, 0x0, 0x6, 0xff, 0xff, 0xff, 0xa5, 0x21, 0x23, 0x7d,
    0xff, 0xff, 0xfe, 0x10, 0x0, 0x9, 0xff, 0xff, 0xff, 0xff, 0xff, 0xff, 0xff,
    0xff, 0xfe, 0x20, 0x0, 0x0, 0x7, 0xff, 0xff, 0xff, 0xff, 0xff, 0xff, 0xff,
    0xfd, 0x20, 0x0, 0x0, 0x0, 0x2, 0xbf, 0xff, 0xff, 0xff, 0xff, 0xff, 0xe7,
    0x0, 0x0, 0x0, 0x0, 0x0, 0x0, 0x27, 0xad, 0xff, 0xfe, 0xc9, 0x40, 0x0, 0x0,
    0x0,

    /* U+0056 "V" */
    0x7f, 0xff, 0xf6, 0x0, 0x0, 0x0, 0x0, 0x0, 0x0, 0x0, 0x0, 0x2f, 0xff, 0xfa,
    0x1f, 0xff, 0xfc, 0x0, 0x0, 0x0, 0x0, 0x0, 0x0, 0x0, 0x0, 0x8f, 0xff, 0xf4,
    0xc, 0xff, 0xff, 0x20, 0x0, 0x0, 0x0, 0x0, 0x0, 0x0, 0x0, 0xdf, 0xff, 0xe0,
    0x6, 0xff, 0xff, 0x70, 0x0, 0x0, 0x0, 0x0, 0x0, 0x0, 0x3, 0xff, 0xff, 0x80,
    0x0, 0xff, 0xff, 0xd0, 0x0, 0x0, 0x0, 0x0, 0x0, 0x0, 0x8, 0xff, 0xff, 0x30,
    0x0, 0xaf, 0xff, 0xf3, 0x0, 0x0, 0x0, 0x0, 0x0, 0x0, 0xe, 0xff, 0xfd, 0x0,
    0x0, 0x4f, 0xff, 0xf8, 0x0, 0x0, 0x0, 0x0, 0x0, 0x0, 0x3f, 0xff, 0xf7, 0x0,
    0x0, 0xe, 0xff, 0xfe, 0x0, 0x0, 0x0, 0x0, 0x0, 0x0, 0x9f, 0xff, 0xf1, 0x0,
    0x0, 0x8, 0xff, 0xff, 0x40, 0x0, 0x0, 0x0, 0x0, 0x0, 0xef, 0xff, 0xb0, 0x0,
    0x0, 0x2, 0xff, 0xff, 0xa0, 0x0, 0x0, 0x0, 0x0, 0x4, 0xff, 0xff, 0x50, 0x0,
    0x0, 0x0, 0xcf, 0xff, 0xf0, 0x0, 0x0, 0x0, 0x0, 0xa, 0xff, 0xff, 0x0, 0x0,
    0x0, 0x0, 0x6f, 0xff, 0xf5, 0x0, 0x0, 0x0, 0x0, 0xf, 0xff, 0xfa, 0x0, 0x0,
    0x0, 0x0, 0x1f, 0xff, 0xfb, 0x0, 0x0, 0x0, 0x0, 0x5f, 0xff, 0xf4, 0x0, 0x0,
    0x0, 0x0, 0xa, 0xff, 0xff, 0x10, 0x0, 0x0, 0x0, 0xaf, 0xff, 0xe0, 0x0, 0x0,
    0x0, 0x0, 0x5, 0xff, 0xff, 0x60, 0x0, 0x0, 0x0, 0xff, 0xff, 0x80, 0x0, 0x0,
    0x0, 0x0, 0x0, 0xef, 0xff, 0xc0, 0x0, 0x0, 0x6, 0xff, 0xff, 0x20, 0x0, 0x0,
    0x0, 0x0, 0x0, 0x9f, 0xff, 0xf2, 0x0, 0x0, 0xb, 0xff, 0xfd, 0x0, 0x0, 0x0,
    0x0, 0x0, 0x0, 0x3f, 0xff, 0xf7, 0x0, 0x0, 0x1f, 0xff, 0xf7, 0x0, 0x0, 0x0,
    0x0, 0x0, 0x0, 0xd, 0xff, 0xfc, 0x0, 0x0, 0x6f, 0xff, 0xf1, 0x0, 0x0, 0x0,
    0x0, 0x0, 0x0, 0x7, 0xff, 0xff, 0x20, 0x0, 0xbf, 0xff, 0xb0, 0x0, 0x0, 0x0,
    0x0, 0x0, 0x0, 0x1, 0xff, 0xff, 0x70, 0x1, 0xff, 0xff, 0x50, 0x0, 0x0, 0x0,
    0x0, 0x0, 0x0, 0x0, 0xbf, 0xff, 0xc0, 0x6, 0xff, 0xff, 0x0, 0x0, 0x0, 0x0,
    0x0, 0x0, 0x0, 0x0, 0x5f, 0xff, 0xf1, 0xb, 0xff, 0xfa, 0x0, 0x0, 0x0, 0x0,
    0x0, 0x0, 0x0, 0x0, 0xf, 0xff, 0xf7, 0xf, 0xff, 0xf4, 0x0, 0x0, 0x0, 0x0,
    0x0, 0x0, 0x0, 0x0, 0x9, 0xff, 0xfc, 0x5f, 0xff, 0xe0, 0x0, 0x0, 0x0, 0x0,
    0x0, 0x0, 0x0, 0x0, 0x3, 0xff, 0xff, 0xbf, 0xff, 0x80, 0x0, 0x0, 0x0, 0x0,
    0x0, 0x0, 0x0, 0x0, 0x0, 0xdf, 0xff, 0xff, 0xff, 0x20, 0x0, 0x0, 0x0, 0x0,
    0x0, 0x0, 0x0, 0x0, 0x0, 0x8f, 0xff, 0xff, 0xfd, 0x0, 0x0, 0x0, 0x0, 0x0,
    0x0, 0x0, 0x0, 0x0, 0x0, 0x2f, 0xff, 0xff, 0xf7, 0x0, 0x0, 0x0, 0x0, 0x0,
    0x0, 0x0, 0x0, 0x0, 0x0, 0xc, 0xff, 0xff, 0xf1, 0x0, 0x0, 0x0, 0x0, 0x0,

    /* U+0057 "W" */
    0x8f, 0xff, 0xf3, 0x0, 0x0, 0x0, 0x0, 0x0, 0x5, 0xff, 0xff, 0xe0, 0x0, 0x0,
    0x0, 0x0, 0x0, 0xb, 0xff, 0xff, 0x14, 0xff, 0xff, 0x70, 0x0, 0x0, 0x0, 0x0,
    0x0, 0x9f, 0xff, 0xff, 0x20, 0x0, 0x0, 0x0, 0x0, 0x0, 0xef, 0xff, 0xc0, 0xf,
    0xff, 0xfb, 0x0, 0x0, 0x0, 0x0, 0x0, 0xe, 0xff, 0xff, 0xf6, 0x0, 0x0, 0x0,
    0x0, 0x0, 0x3f, 0xff, 0xf8, 0x0, 0xbf, 0xff, 0xf0, 0x0, 0x0, 0x0, 0x0, 0x2,
    0xff, 0xff, 0xff, 0xa0, 0x0, 0x0, 0x0, 0x0, 0x7, 0xff, 0xff, 0x30, 0x6,
    0xff, 0xff, 0x30, 0x0, 0x0, 0x0, 0x0, 0x6f, 0xff, 0xff, 0xfe, 0x0, 0x0, 0x0,
    0x0, 0x0, 0xbf, 0xff, 0xf0, 0x0, 0x2f, 0xff, 0xf7, 0x0, 0x0, 0x0, 0x0, 0xa,
    0xff, 0xff, 0xff, 0xf3, 0x0, 0x0, 0x0, 0x0, 0xf, 0xff, 0xfa, 0x0, 0x0, 0xef,
    0xff, 0xb0, 0x0, 0x0, 0x0, 0x0, 0xef, 0xff, 0xbf, 0xff, 0x70, 0x0, 0x0, 0x0,
    0x3, 0xff, 0xff, 0x60, 0x0, 0x9, 0xff, 0xff, 0x0, 0x0, 0x0, 0x0, 0x3f, 0xff,
    0xd6, 0xff, 0xfb, 0x0, 0x0, 0x0, 0x0, 0x7f, 0xff, 0xf1, 0x0, 0x0, 0x5f,
    0xff, 0xf4, 0x0, 0x0, 0x0, 0x7, 0xff, 0xfa, 0x2f, 0xff, 0xf0, 0x0, 0x0, 0x0,
    0xb, 0xff, 0xfd, 0x0, 0x0, 0x1, 0xff, 0xff, 0x80, 0x0, 0x0, 0x0, 0xbf, 0xff,
    0x60, 0xef, 0xff, 0x40, 0x0, 0x0, 0x0, 0xff, 0xff, 0x90, 0x0, 0x0, 0xc,
    0xff, 0xfc, 0x0, 0x0, 0x0, 0xf, 0xff, 0xf2, 0xa, 0xff, 0xf8, 0x0, 0x0, 0x0,
    0x4f, 0xff, 0xf4, 0x0, 0x0, 0x0, 0x8f, 0xff, 0xf0, 0x0, 0x0, 0x4, 0xff,
    0xfe, 0x0, 0x6f, 0xff, 0xc0, 0x0, 0x0, 0x8, 0xff, 0xff, 0x0, 0x0, 0x0, 0x3,
    0xff, 0xff, 0x40, 0x0, 0x0, 0x8f, 0xff, 0xa0, 0x2, 0xff, 0xff, 0x10, 0x0,
    0x0, 0xcf, 0xff, 0xb0, 0x0, 0x0, 0x0, 0xe, 0xff, 0xf8, 0x0, 0x0, 0xc, 0xff,
    0xf5, 0x0, 0xd, 0xff, 0xf5, 0x0, 0x0, 0xf, 0xff, 0xf7, 0x0, 0x0, 0x0, 0x0,
    0xaf, 0xff, 0xc0, 0x0, 0x1, 0xff, 0xff, 0x10, 0x0, 0x9f, 0xff, 0x90, 0x0,
    0x4, 0xff, 0xff, 0x20, 0x0, 0x0, 0x0, 0x6, 0xff, 0xff, 0x10, 0x0, 0x5f,
    0xff, 0xd0, 0x0, 0x4, 0xff, 0xfd, 0x0, 0x0, 0x8f, 0xff, 0xe0, 0x0, 0x0, 0x0,
    0x0, 0x1f, 0xff, 0xf5, 0x0, 0x9, 0xff, 0xf8, 0x0, 0x0, 0xf, 0xff, 0xf1, 0x0,
    0xc, 0xff, 0xf9, 0x0, 0x0, 0x0, 0x0, 0x0, 0xdf, 0xff, 0x90, 0x0, 0xdf, 0xff,
    0x40, 0x0, 0x0, 0xcf, 0xff, 0x50, 0x1, 0xff, 0xff, 0x50, 0x0, 0x0, 0x0, 0x0,
    0x9, 0xff, 0xfc, 0x0, 0x1f, 0xff, 0xf0, 0x0, 0x0, 0x7, 0xff, 0xf9, 0x0,
    0x4f, 0xff, 0xf1, 0x0, 0x0, 0x0, 0x0, 0x0, 0x4f, 0xff, 0xf0, 0x5, 0xff,
    0xfb, 0x0, 0x0, 0x0, 0x3f, 0xff, 0xd0, 0x8, 0xff, 0xfc, 0x0, 0x0, 0x0, 0x0,
    0x0, 0x0, 0xff, 0xff, 0x40, 0x9f, 0xff, 0x70, 0x0, 0x0, 0x0, 0xef, 0xff,
    0x10, 0xcf, 0xff, 0x80, 0x0, 0x0, 0x0, 0x0, 0x0, 0xb, 0xff, 0xf8, 0xd, 0xff,
    0xf3, 0x0, 0x0, 0x0, 0xa, 0xff, 0xf5, 0xf, 0xff, 0xf3, 0x0, 0x0, 0x0, 0x0,
    0x0, 0x0, 0x7f, 0xff, 0xb1, 0xff, 0xfe, 0x0, 0x0, 0x0, 0x0, 0x6f, 0xff,
    0x83, 0xff, 0xff, 0x0, 0x0, 0x0, 0x0, 0x0, 0x0, 0x3, 0xff, 0xfe, 0x4f, 0xff,
    0xa0, 0x0, 0x0, 0x0, 0x1, 0xff, 0xfc, 0x7f, 0xff, 0xa0, 0x0, 0x0, 0x0, 0x0,
    0x0, 0x0, 0xe, 0xff, 0xfa, 0xff, 0xf6, 0x0, 0x0, 0x0, 0x0, 0xd, 0xff, 0xfb,
    0xff, 0xf6, 0x0, 0x0, 0x0, 0x0, 0x0, 0x0, 0x0, 0xaf, 0xff, 0xff, 0xff, 0x10,
    0x0, 0x0, 0x0, 0x0, 0x9f, 0xff, 0xff, 0xff, 0x10, 0x0, 0x0, 0x0, 0x0, 0x0,
    0x0, 0x5, 0xff, 0xff, 0xff, 0xd0, 0x0, 0x0, 0x0, 0x0, 0x4, 0xff, 0xff, 0xff,
    0xd0, 0x0, 0x0, 0x0, 0x0, 0x0, 0x0, 0x0, 0x1f, 0xff, 0xff, 0xf9, 0x0, 0x0,
    0x0, 0x0, 0x0, 0xf, 0xff, 0xff, 0xf9, 0x0, 0x0, 0x0, 0x0, 0x0, 0x0, 0x0,
    0x0, 0xcf, 0xff, 0xff, 0x40, 0x0, 0x0, 0x0, 0x0, 0x0, 0xcf, 0xff, 0xff,
    0x40, 0x0, 0x0, 0x0, 0x0, 0x0, 0x0, 0x0, 0x8, 0xff, 0xff, 0xf0, 0x0, 0x0,
    0x0, 0x0, 0x0, 0x7, 0xff, 0xff, 0xf0, 0x0, 0x0, 0x0, 0x0,

    /* U+0058 "X" */
    0x7, 0xff, 0xff, 0xc0, 0x0, 0x0, 0x0, 0x0, 0x0, 0x0, 0xb, 0xff, 0xff, 0x60,
    0x0, 0xcf, 0xff, 0xf7, 0x0, 0x0, 0x0, 0x0, 0x0, 0x0, 0x6f, 0xff, 0xfb, 0x0,
    0x0, 0x2f, 0xff, 0xff, 0x20, 0x0, 0x0, 0x0, 0x0, 0x2, 0xff, 0xff, 0xe1, 0x0,
    0x0, 0x6, 0xff, 0xff, 0xc0, 0x0, 0x0, 0x0, 0x0, 0xc, 0xff, 0xff, 0x40, 0x0,
    0x0, 0x0, 0xaf, 0xff, 0xf7, 0x0, 0x0, 0x0, 0x0, 0x7f, 0xff, 0xf9, 0x0, 0x0,
    0x0, 0x0, 0x1e, 0xff, 0xff, 0x30, 0x0, 0x0, 0x3, 0xff, 0xff, 0xd0, 0x0, 0x0,
    0x0, 0x0, 0x4, 0xff, 0xff, 0xd0, 0x0, 0x0, 0xd, 0xff, 0xff, 0x30, 0x0, 0x0,
    0x0, 0x0, 0x0, 0x9f, 0xff, 0xf8, 0x0, 0x0, 0x9f, 0xff, 0xf7, 0x0, 0x0, 0x0,
    0x0, 0x0, 0x0, 0xd, 0xff, 0xff, 0x30, 0x4, 0xff, 0xff, 0xc0, 0x0, 0x0, 0x0,
    0x0, 0x0, 0x0, 0x3, 0xff, 0xff, 0xd0, 0xe, 0xff, 0xff, 0x20, 0x0, 0x0, 0x0,
    0x0, 0x0, 0x0, 0x0, 0x8f, 0xff, 0xf8, 0x9f, 0xff, 0xf6, 0x0, 0x0, 0x0, 0x0,
    0x0, 0x0, 0x0, 0x0, 0xc, 0xff, 0xff, 0xff, 0xff, 0xb0, 0x0, 0x0, 0x0, 0x0,
    0x0, 0x0, 0x0, 0x0, 0x2, 0xff, 0xff, 0xff, 0xfe, 0x10, 0x0, 0x0, 0x0, 0x0,
    0x0, 0x0, 0x0, 0x0, 0x0, 0x6f, 0xff, 0xff, 0xf4, 0x0, 0x0, 0x0, 0x0, 0x0,
    0x0, 0x0, 0x0, 0x0, 0x0, 0xc, 0xff, 0xff, 0xc0, 0x0, 0x0, 0x0, 0x0, 0x0,
    0x0, 0x0, 0x0, 0x0, 0x0, 0x3f, 0xff, 0xff, 0xf4, 0x0, 0x0, 0x0, 0x0, 0x0,
    0x0, 0x0, 0x0, 0x0, 0x0, 0xef, 0xff, 0xff, 0xfe, 0x10, 0x0, 0x0, 0x0, 0x0,
    0x0, 0x0, 0x0, 0x0, 0xa, 0xff, 0xff, 0xff, 0xff, 0xb0, 0x0, 0x0, 0x0, 0x0,
    0x0, 0x0, 0x0, 0x0, 0x5f, 0xff, 0xfa, 0xcf, 0xff, 0xf6, 0x0, 0x0, 0x0, 0x0,
    0x0, 0x0, 0x0, 0x2, 0xff, 0xff, 0xe0, 0x2f, 0xff, 0xff, 0x20, 0x0, 0x0, 0x0,
    0x0, 0x0, 0x0, 0xc, 0xff, 0xff, 0x40, 0x7, 0xff, 0xff, 0xc0, 0x0, 0x0, 0x0,
    0x0, 0x0, 0x0, 0x8f, 0xff, 0xf9, 0x0, 0x0, 0xbf, 0xff, 0xf7, 0x0, 0x0, 0x0,
    0x0, 0x0, 0x3, 0xff, 0xff, 0xd0, 0x0, 0x0, 0x1f, 0xff, 0xff, 0x30, 0x0, 0x0,
    0x0, 0x0, 0xd, 0xff, 0xff, 0x30, 0x0, 0x0, 0x5, 0xff, 0xff, 0xd0, 0x0, 0x0,
    0x0, 0x0, 0xaf, 0xff, 0xf7, 0x0, 0x0, 0x0, 0x0, 0xaf, 0xff, 0xf9, 0x0, 0x0,
    0x0, 0x5, 0xff, 0xff, 0xb0, 0x0, 0x0, 0x0, 0x0, 0x1e, 0xff, 0xff, 0x40, 0x0,
    0x0, 0x2f, 0xff, 0xfe, 0x10, 0x0, 0x0, 0x0, 0x0, 0x4, 0xff, 0xff, 0xe1, 0x0,
    0x0, 0xcf, 0xff, 0xf5, 0x0, 0x0, 0x0, 0x0, 0x0, 0x0, 0x9f, 0xff, 0xfa, 0x0,
    0x7, 0xff, 0xff, 0xa0, 0x0, 0x0, 0x0, 0x0, 0x0, 0x0, 0xd, 0xff, 0xff, 0x50,
    0x3f, 0xff, 0xfd, 0x0, 0x0, 0x0, 0x0, 0x0, 0x0, 0x0, 0x3, 0xff, 0xff, 0xf2,

    /* U+0059 "Y" */
    0x5f, 0xff, 0xfd, 0x0, 0x0, 0x0, 0x0, 0x0, 0x0, 0x0, 0x3, 0xff, 0xff, 0xe1,
    0xb, 0xff, 0xff, 0x80, 0x0, 0x0, 0x0, 0x0, 0x0, 0x0, 0xc, 0xff, 0xff, 0x60,
    0x2, 0xff, 0xff, 0xf2, 0x0, 0x0, 0x0, 0x0, 0x0, 0x0, 0x6f, 0xff, 0xfc, 0x0,
    0x0, 0x7f, 0xff, 0xfb, 0x0, 0x0, 0x0, 0x0, 0x0, 0x1, 0xff, 0xff, 0xf2, 0x0,
    0x0, 0xd, 0xff, 0xff, 0x50, 0x0, 0x0, 0x0, 0x0, 0xa, 0xff, 0xff, 0x80, 0x0,
    0x0, 0x3, 0xff, 0xff, 0xe0, 0x0, 0x0, 0x0, 0x0, 0x3f, 0xff, 0xfd, 0x0, 0x0,
    0x0, 0x0, 0x9f, 0xff, 0xf9, 0x0, 0x0, 0x0, 0x0, 0xdf, 0xff, 0xf4, 0x0, 0x0,
    0x0, 0x0, 0x1e, 0xff, 0xff, 0x30, 0x0, 0x0, 0x7, 0xff, 0xff, 0xa0, 0x0, 0x0,
    0x0, 0x0, 0x5, 0xff, 0xff, 0xc0, 0x0, 0x0, 0x1f, 0xff, 0xff, 0x10, 0x0, 0x0,
    0x0, 0x0, 0x0, 0xbf, 0xff, 0xf6, 0x0, 0x0, 0xaf, 0xff, 0xf6, 0x0, 0x0, 0x0,
    0x0, 0x0, 0x0, 0x2f, 0xff, 0xff, 0x10, 0x4, 0xff, 0xff, 0xc0, 0x0, 0x0, 0x0,
    0x0, 0x0, 0x0, 0x7, 0xff, 0xff, 0xa0, 0xd, 0xff, 0xff, 0x20, 0x0, 0x0, 0x0,
    0x0, 0x0, 0x0, 0x0, 0xdf, 0xff, 0xf3, 0x7f, 0xff, 0xf8, 0x0, 0x0, 0x0, 0x0,
    0x0, 0x0, 0x0, 0x0, 0x3f, 0xff, 0xfd, 0xff, 0xff, 0xe0, 0x0, 0x0, 0x0, 0x0,
    0x0, 0x0, 0x0, 0x0, 0x9, 0xff, 0xff, 0xff, 0xff, 0x40, 0x0, 0x0, 0x0, 0x0,
    0x0, 0x0, 0x0, 0x0, 0x1, 0xef, 0xff, 0xff, 0xfa, 0x0, 0x0, 0x0, 0x0, 0x0,
    0x0, 0x0, 0x0, 0x0, 0x0, 0x5f, 0xff, 0xff, 0xf1, 0x0, 0x0, 0x0, 0x0, 0x0,
    0x0, 0x0, 0x0, 0x0, 0x0, 0xb, 0xff, 0xff, 0x70, 0x0, 0x0, 0x0, 0x0, 0x0,
    0x0, 0x0, 0x0, 0x0, 0x0, 0x6, 0xff, 0xff, 0x20, 0x0, 0x0, 0x0, 0x0, 0x0,
    0x0, 0x0, 0x0, 0x0, 0x0, 0x6, 0xff, 0xff, 0x20, 0x0, 0x0, 0x0, 0x0, 0x0,
    0x0, 0x0, 0x0, 0x0, 0x0, 0x6, 0xff, 0xff, 0x20, 0x0, 0x0, 0x0, 0x0, 0x0,
    0x0, 0x0, 0x0, 0x0, 0x0, 0x6, 0xff, 0xff, 0x20, 0x0, 0x0, 0x0, 0x0, 0x0,
    0x0, 0x0, 0x0, 0x0, 0x0, 0x6, 0xff, 0xff, 0x20, 0x0, 0x0, 0x0, 0x0, 0x0,
    0x0, 0x0, 0x0, 0x0, 0x0, 0x6, 0xff, 0xff, 0x20, 0x0, 0x0, 0x0, 0x0, 0x0,
    0x0, 0x0, 0x0, 0x0, 0x0, 0x6, 0xff, 0xff, 0x20, 0x0, 0x0, 0x0, 0x0, 0x0,
    0x0, 0x0, 0x0, 0x0, 0x0, 0x6, 0xff, 0xff, 0x20, 0x0, 0x0, 0x0, 0x0, 0x0,
    0x0, 0x0, 0x0, 0x0, 0x0, 0x6, 0xff, 0xff, 0x20, 0x0, 0x0, 0x0, 0x0, 0x0,
    0x0, 0x0, 0x0, 0x0, 0x0, 0x6, 0xff, 0xff, 0x20, 0x0, 0x0, 0x0, 0x0, 0x0,
    0x0, 0x0, 0x0, 0x0, 0x0, 0x6, 0xff, 0xff, 0x20, 0x0, 0x0, 0x0, 0x0, 0x0,
    0x0, 0x0, 0x0, 0x0, 0x0, 0x6, 0xff, 0xff, 0x20, 0x0, 0x0, 0x0, 0x0, 0x0,

    /* U+005A "Z" */
    0x4f, 0xff, 0xff, 0xff, 0xff, 0xff, 0xff, 0xff, 0xff, 0xff, 0xff, 0xfb,
    0x4f, 0xff, 0xff, 0xff, 0xff, 0xff, 0xff, 0xff, 0xff, 0xff, 0xff, 0xfb,
    0x4f, 0xff, 0xff, 0xff, 0xff, 0xff, 0xff, 0xff, 0xff, 0xff, 0xff, 0xfb,
    0x3f, 0xff, 0xff, 0xff, 0xff, 0xff, 0xff, 0xff, 0xff, 0xff, 0xff, 0xfb, 0x0,
    0x0, 0x0, 0x0, 0x0, 0x0, 0x0, 0x0, 0x3, 0xff, 0xff, 0xe2, 0x0, 0x0, 0x0,
    0x0, 0x0, 0x0, 0x0, 0x0, 0x1e, 0xff, 0xff, 0x40, 0x0, 0x0, 0x0, 0x0, 0x0,
    0x0, 0x0, 0x0, 0xcf, 0xff, 0xf7, 0x0, 0x0, 0x0, 0x0, 0x0, 0x0, 0x0, 0x0,
    0xa, 0xff, 0xff, 0xa0, 0x0, 0x0, 0x0, 0x0, 0x0, 0x0, 0x0, 0x0, 0x7f, 0xff,
    0xfd, 0x0, 0x0, 0x0, 0x0, 0x0, 0x0, 0x0, 0x0, 0x4, 0xff, 0xff, 0xe2, 0x0,
    0x0, 0x0, 0x0, 0x0, 0x0, 0x0, 0x0, 0x2e, 0xff, 0xff, 0x40, 0x0, 0x0, 0x0,
    0x0, 0x0, 0x0, 0x0, 0x0, 0xdf, 0xff, 0xf7, 0x0, 0x0, 0x0, 0x0, 0x0, 0x0,
    0x0, 0x0, 0xa, 0xff, 0xff, 0xa0, 0x0, 0x0, 0x0, 0x0, 0x0, 0x0, 0x0, 0x0,
    0x7f, 0xff, 0xfc, 0x0, 0x0, 0x0, 0x0, 0x0, 0x0, 0x0, 0x0, 0x4, 0xff, 0xff,
    0xe1, 0x0, 0x0, 0x0, 0x0, 0x0, 0x0, 0x0, 0x0, 0x2f, 0xff, 0xff, 0x30, 0x0,
    0x0, 0x0, 0x0, 0x0, 0x0, 0x0, 0x0, 0xdf, 0xff, 0xf6, 0x0, 0x0, 0x0, 0x0,
    0x0, 0x0, 0x0, 0x0, 0xb, 0xff, 0xff, 0x90, 0x0, 0x0, 0x0, 0x0, 0x0, 0x0,
    0x0, 0x0, 0x8f, 0xff, 0xfc, 0x0, 0x0, 0x0, 0x0, 0x0, 0x0, 0x0, 0x0, 0x5,
    0xff, 0xff, 0xe1, 0x0, 0x0, 0x0, 0x0, 0x0, 0x0, 0x0, 0x0, 0x2f, 0xff, 0xff,
    0x30, 0x0, 0x0, 0x0, 0x0, 0x0, 0x0, 0x0, 0x1, 0xdf, 0xff, 0xf6, 0x0, 0x0,
    0x0, 0x0, 0x0, 0x0, 0x0, 0x0, 0xb, 0xff, 0xff, 0x90, 0x0, 0x0, 0x0, 0x0,
    0x0, 0x0, 0x0, 0x0, 0x8f, 0xff, 0xfb, 0x0, 0x0, 0x0, 0x0, 0x0, 0x0, 0x0,
    0x0, 0x5, 0xff, 0xff, 0xd1, 0x0, 0x0, 0x0, 0x0, 0x0, 0x0, 0x0, 0x0, 0x3f,
    0xff, 0xfe, 0x20, 0x0, 0x0, 0x0, 0x0, 0x0, 0x0, 0x0, 0x0, 0xcf, 0xff, 0xff,
    0xff, 0xff, 0xff, 0xff, 0xff, 0xff, 0xff, 0xff, 0xfd, 0xdf, 0xff, 0xff,
    0xff, 0xff, 0xff, 0xff, 0xff, 0xff, 0xff, 0xff, 0xfe, 0xdf, 0xff, 0xff,
    0xff, 0xff, 0xff, 0xff, 0xff, 0xff, 0xff, 0xff, 0xfe, 0xdf, 0xff, 0xff,
    0xff, 0xff, 0xff, 0xff, 0xff, 0xff, 0xff, 0xff, 0xfe,

    /* U+005B "[" */
    0x8f, 0xff, 0xff, 0xff, 0xe8, 0xff, 0xff, 0xff, 0xfe, 0x8f, 0xff, 0xff,
    0xff, 0xe8, 0xff, 0xfe, 0x88, 0x87, 0x8f, 0xff, 0xd0, 0x0, 0x8, 0xff, 0xfd,
    0x0, 0x0, 0x8f, 0xff, 0xd0, 0x0, 0x8, 0xff, 0xfd, 0x0, 0x0, 0x8f, 0xff,
    0xd0, 0x0, 0x8, 0xff, 0xfd, 0x0, 0x0, 0x8f, 0xff, 0xd0, 0x0, 0x8, 0xff,
    0xfd, 0x0, 0x0, 0x8f, 0xff, 0xd0, 0x0, 0x8, 0xff, 0xfd, 0x0, 0x0, 0x8f,
    0xff, 0xd0, 0x0, 0x8, 0xff, 0xfd, 0x0, 0x0, 0x8f, 0xff, 0xd0, 0x0, 0x8,
    0xff, 0xfd, 0x0, 0x0, 0x8f, 0xff, 0xd0, 0x0, 0x8, 0xff, 0xfd, 0x0, 0x0,
    0x8f, 0xff, 0xd0, 0x0, 0x8, 0xff, 0xfd, 0x0, 0x0, 0x8f, 0xff, 0xd0, 0x0,
    0x8, 0xff, 0xfd, 0x0, 0x0, 0x8f, 0xff, 0xd0, 0x0, 0x8, 0xff, 0xfd, 0x0, 0x0,
    0x8f, 0xff, 0xd0, 0x0, 0x8, 0xff, 0xfd, 0x0, 0x0, 0x8f, 0xff, 0xd0, 0x0,
    0x8, 0xff, 0xfd, 0x0, 0x0, 0x8f, 0xff, 0xd0, 0x0, 0x8, 0xff, 0xfd, 0x0, 0x0,
    0x8f, 0xff, 0xd0, 0x0, 0x8, 0xff, 0xfd, 0x0, 0x0, 0x8f, 0xff, 0xe8, 0x88,
    0x78, 0xff, 0xff, 0xff, 0xfe, 0x8f, 0xff, 0xff, 0xff, 0xe8, 0xff, 0xff,
    0xff, 0xfe,

    /* U+005C "\\" */
    0x58, 0x88, 0x10, 0x0, 0x0, 0x0, 0x0, 0x8f, 0xff, 0x60, 0x0, 0x0, 0x0, 0x0,
    0x3f, 0xff, 0xa0, 0x0, 0x0, 0x0, 0x0, 0xf, 0xff, 0xe0, 0x0, 0x0, 0x0, 0x0,
    0xb, 0xff, 0xf3, 0x0, 0x0, 0x0, 0x0, 0x6, 0xff, 0xf7, 0x0, 0x0, 0x0, 0x0,
    0x2, 0xff, 0xfc, 0x0, 0x0, 0x0, 0x0, 0x0, 0xef, 0xff, 0x0, 0x0, 0x0, 0x0,
    0x0, 0xaf, 0xff, 0x40, 0x0, 0x0, 0x0, 0x0, 0x5f, 0xff, 0x90, 0x0, 0x0, 0x0,
    0x0, 0x1f, 0xff, 0xd0, 0x0, 0x0, 0x0, 0x0, 0xd, 0xff, 0xf1, 0x0, 0x0, 0x0,
    0x0, 0x8, 0xff, 0xf6, 0x0, 0x0, 0x0, 0x0, 0x4, 0xff, 0xfa, 0x0, 0x0, 0x0,
    0x0, 0x0, 0xff, 0xfe, 0x0, 0x0, 0x0, 0x0, 0x0, 0xbf, 0xff, 0x20, 0x0, 0x0,
    0x0, 0x0, 0x7f, 0xff, 0x70, 0x0, 0x0, 0x0, 0x0, 0x3f, 0xff, 0xb0, 0x0, 0x0,
    0x0, 0x0, 0xe, 0xff, 0xf0, 0x0, 0x0, 0x0, 0x0, 0xa, 0xff, 0xf4, 0x0, 0x0,
    0x0, 0x0, 0x6, 0xff, 0xf8, 0x0, 0x0, 0x0, 0x0, 0x1, 0xff, 0xfc, 0x0, 0x0,
    0x0, 0x0, 0x0, 0xdf, 0xff, 0x10, 0x0, 0x0, 0x0, 0x0, 0x9f, 0xff, 0x50, 0x0,
    0x0, 0x0, 0x0, 0x4f, 0xff, 0x90, 0x0, 0x0, 0x0, 0x0, 0xf, 0xff, 0xe0, 0x0,
    0x0, 0x0, 0x0, 0xc, 0xff, 0xf2, 0x0, 0x0, 0x0, 0x0, 0x8, 0xff, 0xf6, 0x0,
    0x0, 0x0, 0x0, 0x3, 0xff, 0xfb, 0x0, 0x0, 0x0, 0x0, 0x0, 0xff, 0xff, 0x0,
    0x0, 0x0, 0x0, 0x0, 0xbf, 0xff, 0x30, 0x0, 0x0, 0x0, 0x0, 0x6f, 0xff, 0x70,
    0x0, 0x0, 0x0, 0x0, 0x2f, 0xff, 0xc0, 0x0, 0x0, 0x0, 0x0, 0xe, 0xff, 0xf0,
    0x0, 0x0, 0x0, 0x0, 0x9, 0xff, 0xf4, 0x0, 0x0, 0x0, 0x0, 0x5, 0xff, 0xf9,
    0x0, 0x0, 0x0, 0x0, 0x1, 0xff, 0xfd,

    /* U+005D "]" */
    0x7f, 0xff, 0xff, 0xff, 0xf7, 0xff, 0xff, 0xff, 0xff, 0x7f, 0xff, 0xff,
    0xff, 0xf3, 0x88, 0x8b, 0xff, 0xff, 0x0, 0x0, 0x6f, 0xff, 0xf0, 0x0, 0x6,
    0xff, 0xff, 0x0, 0x0, 0x6f, 0xff, 0xf0, 0x0, 0x6, 0xff, 0xff, 0x0, 0x0,
    0x6f, 0xff, 0xf0, 0x0, 0x6, 0xff, 0xff, 0x0, 0x0, 0x6f, 0xff, 0xf0, 0x0,
    0x6, 0xff, 0xff, 0x0, 0x0, 0x6f, 0xff, 0xf0, 0x0, 0x6, 0xff, 0xff, 0x0, 0x0,
    0x6f, 0xff, 0xf0, 0x0, 0x6, 0xff, 0xff, 0x0, 0x0, 0x6f, 0xff, 0xf0, 0x0,
    0x6, 0xff, 0xff, 0x0, 0x0, 0x6f, 0xff, 0xf0, 0x0, 0x6, 0xff, 0xff, 0x0, 0x0,
    0x6f, 0xff, 0xf0, 0x0, 0x6, 0xff, 0xff, 0x0, 0x0, 0x6f, 0xff, 0xf0, 0x0,
    0x6, 0xff, 0xff, 0x0, 0x0, 0x6f, 0xff, 0xf0, 0x0, 0x6, 0xff, 0xff, 0x0, 0x0,
    0x6f, 0xff, 0xf0, 0x0, 0x6, 0xff, 0xff, 0x0, 0x0, 0x6f, 0xff, 0xf0, 0x0,
    0x6, 0xff, 0xff, 0x0, 0x0, 0x6f, 0xff, 0xf0, 0x0, 0x6, 0xff, 0xff, 0x0, 0x0,
    0x6f, 0xff, 0xf0, 0x0, 0x6, 0xff, 0xff, 0x38, 0x88, 0xbf, 0xff, 0xf7, 0xff,
    0xff, 0xff, 0xff, 0x7f, 0xff, 0xff, 0xff, 0xf7, 0xff, 0xff, 0xff, 0xff,

    /* U+005E "^" */
    0x0, 0x0, 0x1, 0xff, 0xff, 0xc0, 0x0, 0x0, 0x0, 0x0, 0x0, 0x8f, 0xff, 0xff,
    0x40, 0x0, 0x0, 0x0, 0x0, 0xe, 0xff, 0xff, 0xfb, 0x0, 0x0, 0x0, 0x0, 0x7,
    0xff, 0xfc, 0xff, 0xf3, 0x0, 0x0, 0x0, 0x0, 0xef, 0xfc, 0x1f, 0xff, 0xb0,
    0x0, 0x0, 0x0, 0x6f, 0xff, 0x50, 0x9f, 0xff, 0x20, 0x0, 0x0, 0xe, 0xff,
    0xd0, 0x2, 0xff, 0xfa, 0x0, 0x0, 0x6, 0xff, 0xf6, 0x0, 0xa, 0xff, 0xf2, 0x0,
    0x0, 0xdf, 0xfe, 0x0, 0x0, 0x3f, 0xff, 0x90, 0x0, 0x5f, 0xff, 0x80, 0x0,
    0x0, 0xcf, 0xff, 0x10, 0xc, 0xff, 0xf1, 0x0, 0x0, 0x5, 0xff, 0xf8, 0x4,
    0xff, 0xf9, 0x0, 0x0, 0x0, 0xd, 0xff, 0xf1, 0xcf, 0xff, 0x20, 0x0, 0x0, 0x0,
    0x6f, 0xff, 0x70,

    /* U+005F "_" */
    0xbb, 0xbb, 0xbb, 0xbb, 0xbb, 0xbb, 0xbb, 0xbb, 0xbb, 0xb4, 0xff, 0xff,
    0xff, 0xff, 0xff, 0xff, 0xff, 0xff, 0xff, 0xf5, 0xff, 0xff, 0xff, 0xff,
    0xff, 0xff, 0xff, 0xff, 0xff, 0xf5, 0xff, 0xff, 0xff, 0xff, 0xff, 0xff,
    0xff, 0xff, 0xff, 0xf5,

    /* U+0060 "`" */
    0x12, 0x22, 0x20, 0x0, 0x2, 0xff, 0xff, 0x50, 0x0, 0x6, 0xff, 0xfd, 0x0,
    0x0, 0xb, 0xff, 0xf5, 0x0, 0x0, 0x1e, 0xff, 0xd0, 0x0, 0x0, 0x4f, 0xff,
    0x50, 0x0, 0x0, 0x9f, 0xfd, 0x0,

    /* U+0061 "a" */
    0x0, 0x0, 0x1, 0x7b, 0xef, 0xfe, 0xc8, 0x30, 0x0, 0x0, 0x0, 0x9, 0xff, 0xff,
    0xff, 0xff, 0xff, 0xb1, 0x0, 0x0, 0x1d, 0xff, 0xff, 0xff, 0xff, 0xff, 0xff,
    0xe1, 0x0, 0xb, 0xff, 0xff, 0xfc, 0x99, 0xbf, 0xff, 0xff, 0xc0, 0x5, 0xff,
    0xff, 0xb2, 0x0, 0x0, 0x1b, 0xff, 0xff, 0x40, 0xaf, 0xff, 0xc0, 0x0, 0x0,
    0x0, 0xd, 0xff, 0xf9, 0xc, 0xee, 0xe6, 0x0, 0x0, 0x0, 0x0, 0x9f, 0xff, 0xb0,
    0x0, 0x0, 0x0, 0x0, 0x0, 0x0, 0x8, 0xff, 0xfc, 0x0, 0x0, 0x0, 0x0, 0x0, 0x1,
    0x37, 0xff, 0xff, 0xc0, 0x0, 0x0, 0x15, 0x8a, 0xdf, 0xff, 0xff, 0xff, 0xfc,
    0x0, 0x5, 0xcf, 0xff, 0xff, 0xff, 0xff, 0xff, 0xff, 0xc0, 0xa, 0xff, 0xff,
    0xff, 0xff, 0xfd, 0xaa, 0xff, 0xfc, 0xa, 0xff, 0xff, 0xfc, 0x85, 0x20, 0x0,
    0x7f, 0xff, 0xc2, 0xff, 0xff, 0xc3, 0x0, 0x0, 0x0, 0x7, 0xff, 0xfc, 0x6f,
    0xff, 0xf1, 0x0, 0x0, 0x0, 0x0, 0x8f, 0xff, 0xc7, 0xff, 0xfd, 0x0, 0x0, 0x0,
    0x0, 0xd, 0xff, 0xfc, 0x6f, 0xff, 0xf0, 0x0, 0x0, 0x0, 0x6, 0xff, 0xff,
    0xc3, 0xff, 0xff, 0xa0, 0x0, 0x0, 0x6, 0xff, 0xff, 0xfc, 0xd, 0xff, 0xff,
    0xe9, 0x87, 0x9d, 0xff, 0xef, 0xff, 0xc0, 0x3f, 0xff, 0xff, 0xff, 0xff,
    0xff, 0xc7, 0xff, 0xfc, 0x0, 0x3e, 0xff, 0xff, 0xff, 0xff, 0xb1, 0x7f, 0xff,
    0xc0, 0x0, 0x6, 0xbe, 0xff, 0xeb, 0x60, 0x7, 0xff, 0xfc,

    /* U+0062 "b" */
    0x9f, 0xff, 0xc0, 0x0, 0x0, 0x0, 0x0, 0x0, 0x0, 0x0, 0x9, 0xff, 0xfc, 0x0,
    0x0, 0x0, 0x0, 0x0, 0x0, 0x0, 0x0, 0x9f, 0xff, 0xc0, 0x0, 0x0, 0x0, 0x0,
    0x0, 0x0, 0x0, 0x9, 0xff, 0xfc, 0x0, 0x0, 0x0, 0x0, 0x0, 0x0, 0x0, 0x0,
    0x9f, 0xff, 0xc0, 0x0, 0x0, 0x0, 0x0, 0x0, 0x0, 0x0, 0x9, 0xff, 0xfc, 0x0,
    0x0, 0x0, 0x0, 0x0, 0x0, 0x0, 0x0, 0x9f, 0xff, 0xc0, 0x0, 0x0, 0x0, 0x0,
    0x0, 0x0, 0x0, 0x9, 0xff, 0xfc, 0x0, 0x0, 0x0, 0x0, 0x0, 0x0, 0x0, 0x0,
    0x9f, 0xff, 0xc0, 0x1, 0x7c, 0xef, 0xec, 0x71, 0x0, 0x0, 0x9, 0xff, 0xfc,
    0x5, 0xff, 0xff, 0xff, 0xff, 0xf7, 0x0, 0x0, 0x9f, 0xff, 0xc5, 0xff, 0xff,
    0xff, 0xff, 0xff, 0xfa, 0x0, 0x9, 0xff, 0xfe, 0xff, 0xff, 0xcb, 0xcf, 0xff,
    0xff, 0xf8, 0x0, 0x9f, 0xff, 0xff, 0xf8, 0x10, 0x0, 0x8, 0xff, 0xff, 0xf3,
    0x9, 0xff, 0xff, 0xf5, 0x0, 0x0, 0x0, 0x5, 0xff, 0xff, 0xb0, 0x9f, 0xff,
    0xf9, 0x0, 0x0, 0x0, 0x0, 0x9, 0xff, 0xff, 0x29, 0xff, 0xff, 0x10, 0x0, 0x0,
    0x0, 0x0, 0x2f, 0xff, 0xf6, 0x9f, 0xff, 0xc0, 0x0, 0x0, 0x0, 0x0, 0x0, 0xdf,
    0xff, 0x99, 0xff, 0xf9, 0x0, 0x0, 0x0, 0x0, 0x0, 0xa, 0xff, 0xfb, 0x9f,
    0xff, 0x80, 0x0, 0x0, 0x0, 0x0, 0x0, 0x9f, 0xff, 0xc9, 0xff, 0xf8, 0x0, 0x0,
    0x0, 0x0, 0x0, 0x9, 0xff, 0xfc, 0x9f, 0xff, 0x90, 0x0, 0x0, 0x0, 0x0, 0x0,
    0xaf, 0xff, 0xb9, 0xff, 0xfc, 0x0, 0x0, 0x0, 0x0, 0x0, 0xd, 0xff, 0xf9,
    0x9f, 0xff, 0xf1, 0x0, 0x0, 0x0, 0x0, 0x2, 0xff, 0xff, 0x69, 0xff, 0xff,
    0x90, 0x0, 0x0, 0x0, 0x0, 0x9f, 0xff, 0xf2, 0x9f, 0xff, 0xff, 0x50, 0x0,
    0x0, 0x0, 0x5f, 0xff, 0xfc, 0x9, 0xff, 0xff, 0xff, 0x81, 0x0, 0x0, 0x8f,
    0xff, 0xff, 0x30, 0x9f, 0xff, 0xdf, 0xff, 0xfc, 0xbc, 0xff, 0xff, 0xff,
    0x90, 0x9, 0xff, 0xfb, 0x5f, 0xff, 0xff, 0xff, 0xff, 0xff, 0xa0, 0x0, 0x9f,
    0xff, 0xb0, 0x5e, 0xff, 0xff, 0xff, 0xff, 0x80, 0x0, 0x9, 0xff, 0xfb, 0x0,
    0x17, 0xce, 0xfe, 0xc8, 0x10, 0x0, 0x0,

    /* U+0063 "c" */
    0x0, 0x0, 0x0, 0x38, 0xce, 0xfe, 0xda, 0x40, 0x0, 0x0, 0x0, 0x0, 0x1, 0xaf,
    0xff, 0xff, 0xff, 0xff, 0xd4, 0x0, 0x0, 0x0, 0x3, 0xef, 0xff, 0xff, 0xff,
    0xff, 0xff, 0xf7, 0x0, 0x0, 0x2, 0xff, 0xff, 0xff, 0xdb, 0xce, 0xff, 0xff,
    0xf6, 0x0, 0x0, 0xdf, 0xff, 0xfa, 0x20, 0x0, 0x5, 0xef, 0xff, 0xf2, 0x0,
    0x6f, 0xff, 0xf8, 0x0, 0x0, 0x0, 0x3, 0xff, 0xff, 0x90, 0xd, 0xff, 0xfd,
    0x0, 0x0, 0x0, 0x0, 0x8, 0xff, 0xfe, 0x2, 0xff, 0xff, 0x50, 0x0, 0x0, 0x0,
    0x0, 0x2b, 0xbb, 0xb1, 0x6f, 0xff, 0xf1, 0x0, 0x0, 0x0, 0x0, 0x0, 0x0, 0x0,
    0x8, 0xff, 0xfd, 0x0, 0x0, 0x0, 0x0, 0x0, 0x0, 0x0, 0x0, 0x9f, 0xff, 0xc0,
    0x0, 0x0, 0x0, 0x0, 0x0, 0x0, 0x0, 0x9, 0xff, 0xfc, 0x0, 0x0, 0x0, 0x0, 0x0,
    0x0, 0x0, 0x0, 0x8f, 0xff, 0xd0, 0x0, 0x0, 0x0, 0x0, 0x0, 0x0, 0x0, 0x6,
    0xff, 0xff, 0x0, 0x0, 0x0, 0x0, 0x0, 0x0, 0x0, 0x0, 0x2f, 0xff, 0xf5, 0x0,
    0x0, 0x0, 0x0, 0x3, 0xbb, 0xbb, 0x10, 0xdf, 0xff, 0xc0, 0x0, 0x0, 0x0, 0x0,
    0xaf, 0xff, 0xe0, 0x7, 0xff, 0xff, 0x80, 0x0, 0x0, 0x0, 0x4f, 0xff, 0xf9,
    0x0, 0xd, 0xff, 0xff, 0xa1, 0x0, 0x0, 0x5f, 0xff, 0xff, 0x20, 0x0, 0x3f,
    0xff, 0xff, 0xfd, 0xbc, 0xef, 0xff, 0xff, 0x60, 0x0, 0x0, 0x3f, 0xff, 0xff,
    0xff, 0xff, 0xff, 0xff, 0x70, 0x0, 0x0, 0x0, 0x2b, 0xff, 0xff, 0xff, 0xff,
    0xfd, 0x40, 0x0, 0x0, 0x0, 0x0, 0x3, 0x8c, 0xef, 0xed, 0xa4, 0x0, 0x0, 0x0,

    /* U+0064 "d" */
    0x0, 0x0, 0x0, 0x0, 0x0, 0x0, 0x0, 0x0, 0x9f, 0xff, 0xc0, 0x0, 0x0, 0x0,
    0x0, 0x0, 0x0, 0x0, 0x9, 0xff, 0xfc, 0x0, 0x0, 0x0, 0x0, 0x0, 0x0, 0x0, 0x0,
    0x9f, 0xff, 0xc0, 0x0, 0x0, 0x0, 0x0, 0x0, 0x0, 0x0, 0x9, 0xff, 0xfc, 0x0,
    0x0, 0x0, 0x0, 0x0, 0x0, 0x0, 0x0, 0x9f, 0xff, 0xc0, 0x0, 0x0, 0x0, 0x0,
    0x0, 0x0, 0x0, 0x9, 0xff, 0xfc, 0x0, 0x0, 0x0, 0x0, 0x0, 0x0, 0x0, 0x0,
    0x9f, 0xff, 0xc0, 0x0, 0x0, 0x0, 0x0, 0x0, 0x0, 0x0, 0x9, 0xff, 0xfc, 0x0,
    0x0, 0x0, 0x6b, 0xef, 0xec, 0x82, 0x0, 0x9f, 0xff, 0xc0, 0x0, 0x5, 0xef,
    0xff, 0xff, 0xff, 0xf7, 0x9, 0xff, 0xfc, 0x0, 0x7, 0xff, 0xff, 0xff, 0xff,
    0xff, 0xf9, 0x9f, 0xff, 0xc0, 0x5, 0xff, 0xff, 0xff, 0xdb, 0xcf, 0xff, 0xfd,
    0xff, 0xfc, 0x1, 0xff, 0xff, 0xfa, 0x10, 0x0, 0x6, 0xff, 0xff, 0xff, 0xc0,
    0x8f, 0xff, 0xf8, 0x0, 0x0, 0x0, 0x3, 0xff, 0xff, 0xfc, 0xe, 0xff, 0xfc,
    0x0, 0x0, 0x0, 0x0, 0x6, 0xff, 0xff, 0xc3, 0xff, 0xff, 0x50, 0x0, 0x0, 0x0,
    0x0, 0xe, 0xff, 0xfc, 0x6f, 0xff, 0xf0, 0x0, 0x0, 0x0, 0x0, 0x0, 0x9f, 0xff,
    0xc8, 0xff, 0xfd, 0x0, 0x0, 0x0, 0x0, 0x0, 0x6, 0xff, 0xfc, 0x9f, 0xff,
    0xc0, 0x0, 0x0, 0x0, 0x0, 0x0, 0x5f, 0xff, 0xc9, 0xff, 0xfc, 0x0, 0x0, 0x0,
    0x0, 0x0, 0x5, 0xff, 0xfc, 0x8f, 0xff, 0xd0, 0x0, 0x0, 0x0, 0x0, 0x0, 0x6f,
    0xff, 0xc6, 0xff, 0xff, 0x0, 0x0, 0x0, 0x0, 0x0, 0x9, 0xff, 0xfc, 0x3f,
    0xff, 0xf5, 0x0, 0x0, 0x0, 0x0, 0x0, 0xef, 0xff, 0xc0, 0xef, 0xff, 0xc0,
    0x0, 0x0, 0x0, 0x0, 0x6f, 0xff, 0xfc, 0x8, 0xff, 0xff, 0x70, 0x0, 0x0, 0x0,
    0x3f, 0xff, 0xff, 0xc0, 0x1f, 0xff, 0xff, 0xa1, 0x0, 0x0, 0x6f, 0xff, 0xff,
    0xfc, 0x0, 0x6f, 0xff, 0xff, 0xfd, 0xbc, 0xff, 0xff, 0xcf, 0xff, 0xc0, 0x0,
    0x8f, 0xff, 0xff, 0xff, 0xff, 0xff, 0x87, 0xff, 0xfc, 0x0, 0x0, 0x5e, 0xff,
    0xff, 0xff, 0xff, 0x70, 0x7f, 0xff, 0xc0, 0x0, 0x0, 0x6, 0xbe, 0xfe, 0xc8,
    0x20, 0x7, 0xff, 0xfc,

    /* U+0065 "e" */
    0x0, 0x0, 0x0, 0x39, 0xcf, 0xff, 0xc9, 0x40, 0x0, 0x0, 0x0, 0x0, 0x1, 0xbf,
    0xff, 0xff, 0xff, 0xff, 0xc2, 0x0, 0x0, 0x0, 0x3, 0xef, 0xff, 0xff, 0xff,
    0xff, 0xff, 0xf4, 0x0, 0x0, 0x2, 0xff, 0xff, 0xfe, 0xa9, 0xad, 0xff, 0xff,
    0xf3, 0x0, 0x0, 0xdf, 0xff, 0xe4, 0x0, 0x0, 0x4, 0xef, 0xff, 0xd0, 0x0,
    0x6f, 0xff, 0xe1, 0x0, 0x0, 0x0, 0x1, 0xef, 0xff, 0x70, 0xd, 0xff, 0xf5,
    0x0, 0x0, 0x0, 0x0, 0x5, 0xff, 0xfd, 0x2, 0xff, 0xfe, 0x0, 0x0, 0x0, 0x0,
    0x0, 0xe, 0xff, 0xf2, 0x6f, 0xff, 0xd4, 0x44, 0x44, 0x44, 0x44, 0x44, 0xcf,
    0xff, 0x58, 0xff, 0xff, 0xff, 0xff, 0xff, 0xff, 0xff, 0xff, 0xff, 0xf8,
    0x9f, 0xff, 0xff, 0xff, 0xff, 0xff, 0xff, 0xff, 0xff, 0xff, 0x89, 0xff,
    0xff, 0xff, 0xff, 0xff, 0xff, 0xff, 0xff, 0xff, 0xf9, 0x8f, 0xff, 0xb0, 0x0,
    0x0, 0x0, 0x0, 0x0, 0x0, 0x0, 0x6, 0xff, 0xfd, 0x0, 0x0, 0x0, 0x0, 0x0, 0x0,
    0x0, 0x0, 0x3f, 0xff, 0xf1, 0x0, 0x0, 0x0, 0x0, 0x0, 0x0, 0x0, 0x0, 0xef,
    0xff, 0x80, 0x0, 0x0, 0x0, 0x0, 0x2f, 0xff, 0xf1, 0x7, 0xff, 0xff, 0x40,
    0x0, 0x0, 0x0, 0xb, 0xff, 0xfc, 0x0, 0xe, 0xff, 0xff, 0x60, 0x0, 0x0, 0x2b,
    0xff, 0xff, 0x40, 0x0, 0x3f, 0xff, 0xff, 0xeb, 0x9a, 0xcf, 0xff, 0xff, 0x90,
    0x0, 0x0, 0x4f, 0xff, 0xff, 0xff, 0xff, 0xff, 0xff, 0x90, 0x0, 0x0, 0x0,
    0x2c, 0xff, 0xff, 0xff, 0xff, 0xfe, 0x50, 0x0, 0x0, 0x0, 0x0, 0x3, 0x9c,
    0xef, 0xed, 0xa5, 0x0, 0x0, 0x0,

    /* U+0066 "f" */
    0x0, 0x0, 0x0, 0x29, 0xdf, 0xff, 0xf0, 0x0, 0x0, 0x6f, 0xff, 0xff, 0xff,
    0x0, 0x0, 0x3f, 0xff, 0xff, 0xff, 0xf0, 0x0, 0x9, 0xff, 0xff, 0xd9, 0x88,
    0x0, 0x0, 0xcf, 0xff, 0xc0, 0x0, 0x0, 0x0, 0xc, 0xff, 0xf8, 0x0, 0x0, 0x0,
    0x0, 0xcf, 0xff, 0x80, 0x0, 0x0, 0x0, 0xc, 0xff, 0xf8, 0x0, 0x0, 0xaf, 0xff,
    0xff, 0xff, 0xff, 0xff, 0xfa, 0xff, 0xff, 0xff, 0xff, 0xff, 0xff, 0xaf,
    0xff, 0xff, 0xff, 0xff, 0xff, 0xf5, 0x88, 0x8e, 0xff, 0xfc, 0x88, 0x88, 0x0,
    0x0, 0xcf, 0xff, 0x80, 0x0, 0x0, 0x0, 0xc, 0xff, 0xf8, 0x0, 0x0, 0x0, 0x0,
    0xcf, 0xff, 0x80, 0x0, 0x0, 0x0, 0xc, 0xff, 0xf8, 0x0, 0x0, 0x0, 0x0, 0xcf,
    0xff, 0x80, 0x0, 0x0, 0x0, 0xc, 0xff, 0xf8, 0x0, 0x0, 0x0, 0x0, 0xcf, 0xff,
    0x80, 0x0, 0x0, 0x0, 0xc, 0xff, 0xf8, 0x0, 0x0, 0x0, 0x0, 0xcf, 0xff, 0x80,
    0x0, 0x0, 0x0, 0xc, 0xff, 0xf8, 0x0, 0x0, 0x0, 0x0, 0xcf, 0xff, 0x80, 0x0,
    0x0, 0x0, 0xc, 0xff, 0xf8, 0x0, 0x0, 0x0, 0x0, 0xcf, 0xff, 0x80, 0x0, 0x0,
    0x0, 0xc, 0xff, 0xf8, 0x0, 0x0, 0x0, 0x0, 0xcf, 0xff, 0x80, 0x0, 0x0, 0x0,
    0xc, 0xff, 0xf8, 0x0, 0x0, 0x0, 0x0, 0xcf, 0xff, 0x80, 0x0, 0x0, 0x0, 0xc,
    0xff, 0xf8, 0x0, 0x0,

    /* U+0067 "g" */
    0x0, 0x0, 0x0, 0x6b, 0xef, 0xec, 0x82, 0x0, 0x8f, 0xff, 0xc0, 0x0, 0x5,
    0xef, 0xff, 0xff, 0xff, 0xf8, 0x8, 0xff, 0xfc, 0x0, 0x7, 0xff, 0xff, 0xff,
    0xff, 0xff, 0xf9, 0x8f, 0xff, 0xc0, 0x5, 0xff, 0xff, 0xff, 0xcb, 0xcf, 0xff,
    0xfc, 0xff, 0xfc, 0x1, 0xef, 0xff, 0xf9, 0x10, 0x0, 0x6, 0xef, 0xff, 0xff,
    0xc0, 0x8f, 0xff, 0xf7, 0x0, 0x0, 0x0, 0x3, 0xff, 0xff, 0xfc, 0xe, 0xff,
    0xfc, 0x0, 0x0, 0x0, 0x0, 0x6, 0xff, 0xff, 0xc3, 0xff, 0xff, 0x50, 0x0, 0x0,
    0x0, 0x0, 0xe, 0xff, 0xfc, 0x6f, 0xff, 0xf0, 0x0, 0x0, 0x0, 0x0, 0x0, 0x9f,
    0xff, 0xc8, 0xff, 0xfd, 0x0, 0x0, 0x0, 0x0, 0x0, 0x6, 0xff, 0xfc, 0x9f,
    0xff, 0xc0, 0x0, 0x0, 0x0, 0x0, 0x0, 0x5f, 0xff, 0xc9, 0xff, 0xfc, 0x0, 0x0,
    0x0, 0x0, 0x0, 0x5, 0xff, 0xfc, 0x8f, 0xff, 0xd0, 0x0, 0x0, 0x0, 0x0, 0x0,
    0x6f, 0xff, 0xc6, 0xff, 0xff, 0x0, 0x0, 0x0, 0x0, 0x0, 0x9, 0xff, 0xfc,
    0x3f, 0xff, 0xf5, 0x0, 0x0, 0x0, 0x0, 0x0, 0xef, 0xff, 0xc0, 0xef, 0xff,
    0xc0, 0x0, 0x0, 0x0, 0x0, 0x6f, 0xff, 0xfc, 0x8, 0xff, 0xff, 0x70, 0x0, 0x0,
    0x0, 0x3f, 0xff, 0xff, 0xc0, 0x1f, 0xff, 0xff, 0x91, 0x0, 0x0, 0x6e, 0xff,
    0xff, 0xfc, 0x0, 0x5f, 0xff, 0xff, 0xfc, 0xbc, 0xff, 0xff, 0xdf, 0xff, 0xc0,
    0x0, 0x7f, 0xff, 0xff, 0xff, 0xff, 0xff, 0x88, 0xff, 0xfc, 0x0, 0x0, 0x5e,
    0xff, 0xff, 0xff, 0xff, 0x70, 0x8f, 0xff, 0xc0, 0x0, 0x0, 0x6, 0xbe, 0xfe,
    0xc8, 0x20, 0x8, 0xff, 0xfc, 0x0, 0x0, 0x0, 0x0, 0x0, 0x0, 0x0, 0x0, 0x9f,
    0xff, 0xb0, 0x0, 0x0, 0x0, 0x0, 0x0, 0x0, 0x0, 0xb, 0xff, 0xfa, 0x7, 0xff,
    0xfe, 0x0, 0x0, 0x0, 0x0, 0x1, 0xff, 0xff, 0x70, 0x3f, 0xff, 0xf7, 0x0, 0x0,
    0x0, 0x0, 0x9f, 0xff, 0xf2, 0x0, 0xcf, 0xff, 0xf7, 0x0, 0x0, 0x1, 0x9f,
    0xff, 0xfb, 0x0, 0x3, 0xff, 0xff, 0xfe, 0xa8, 0x8a, 0xff, 0xff, 0xff, 0x20,
    0x0, 0x5, 0xff, 0xff, 0xff, 0xff, 0xff, 0xff, 0xff, 0x40, 0x0, 0x0, 0x3,
    0xdf, 0xff, 0xff, 0xff, 0xff, 0xfb, 0x20, 0x0, 0x0, 0x0, 0x0, 0x49, 0xce,
    0xff, 0xdb, 0x72, 0x0, 0x0, 0x0,

    /* U+0068 "h" */
    0x9f, 0xff, 0xc0, 0x0, 0x0, 0x0, 0x0, 0x0, 0x0, 0x0, 0x9f, 0xff, 0xc0, 0x0,
    0x0, 0x0, 0x0, 0x0, 0x0, 0x0, 0x9f, 0xff, 0xc0, 0x0, 0x0, 0x0, 0x0, 0x0,
    0x0, 0x0, 0x9f, 0xff, 0xc0, 0x0, 0x0, 0x0, 0x0, 0x0, 0x0, 0x0, 0x9f, 0xff,
    0xc0, 0x0, 0x0, 0x0, 0x0, 0x0, 0x0, 0x0, 0x9f, 0xff, 0xc0, 0x0, 0x0, 0x0,
    0x0, 0x0, 0x0, 0x0, 0x9f, 0xff, 0xc0, 0x0, 0x0, 0x0, 0x0, 0x0, 0x0, 0x0,
    0x9f, 0xff, 0xc0, 0x0, 0x0, 0x0, 0x0, 0x0, 0x0, 0x0, 0x9f, 0xff, 0xc0, 0x1,
    0x7c, 0xef, 0xda, 0x50, 0x0, 0x0, 0x9f, 0xff, 0xc0, 0x6f, 0xff, 0xff, 0xff,
    0xfc, 0x20, 0x0, 0x9f, 0xff, 0xc6, 0xff, 0xff, 0xff, 0xff, 0xff, 0xe1, 0x0,
    0x9f, 0xff, 0xef, 0xff, 0xfe, 0xef, 0xff, 0xff, 0xfc, 0x0, 0x9f, 0xff, 0xff,
    0xe6, 0x10, 0x1, 0x7f, 0xff, 0xff, 0x50, 0x9f, 0xff, 0xfe, 0x20, 0x0, 0x0,
    0x4, 0xff, 0xff, 0xa0, 0x9f, 0xff, 0xf5, 0x0, 0x0, 0x0, 0x0, 0xbf, 0xff,
    0xe0, 0x9f, 0xff, 0xf0, 0x0, 0x0, 0x0, 0x0, 0x6f, 0xff, 0xf0, 0x9f, 0xff,
    0xd0, 0x0, 0x0, 0x0, 0x0, 0x4f, 0xff, 0xf0, 0x9f, 0xff, 0xc0, 0x0, 0x0, 0x0,
    0x0, 0x4f, 0xff, 0xf1, 0x9f, 0xff, 0xc0, 0x0, 0x0, 0x0, 0x0, 0x4f, 0xff,
    0xf1, 0x9f, 0xff, 0xc0, 0x0, 0x0, 0x0, 0x0, 0x4f, 0xff, 0xf1, 0x9f, 0xff,
    0xc0, 0x0, 0x0, 0x0, 0x0, 0x4f, 0xff, 0xf1, 0x9f, 0xff, 0xc0, 0x0, 0x0, 0x0,
    0x0, 0x4f, 0xff, 0xf1, 0x9f, 0xff, 0xc0, 0x0, 0x0, 0x0, 0x0, 0x4f, 0xff,
    0xf1, 0x9f, 0xff, 0xc0, 0x0, 0x0, 0x0, 0x0, 0x4f, 0xff, 0xf1, 0x9f, 0xff,
    0xc0, 0x0, 0x0, 0x0, 0x0, 0x4f, 0xff, 0xf1, 0x9f, 0xff, 0xc0, 0x0, 0x0, 0x0,
    0x0, 0x4f, 0xff, 0xf1, 0x9f, 0xff, 0xc0, 0x0, 0x0, 0x0, 0x0, 0x4f, 0xff,
    0xf1, 0x9f, 0xff, 0xc0, 0x0, 0x0, 0x0, 0x0, 0x4f, 0xff, 0xf1, 0x9f, 0xff,
    0xc0, 0x0, 0x0, 0x0, 0x0, 0x4f, 0xff, 0xf1, 0x9f, 0xff, 0xc0, 0x0, 0x0, 0x0,
    0x0, 0x4f, 0xff, 0xf1,

    /* U+0069 "i" */
    0x2, 0xbf, 0xc3, 0x0, 0xdf, 0xff, 0xf1, 0x1f, 0xff, 0xff, 0x40, 0xef, 0xff,
    0xf2, 0x4, 0xff, 0xf7, 0x0, 0x1, 0x31, 0x0, 0x0, 0x0, 0x0, 0x0, 0x0, 0x0,
    0x0, 0x9, 0xff, 0xfc, 0x0, 0x9f, 0xff, 0xc0, 0x9, 0xff, 0xfc, 0x0, 0x9f,
    0xff, 0xc0, 0x9, 0xff, 0xfc, 0x0, 0x9f, 0xff, 0xc0, 0x9, 0xff, 0xfc, 0x0,
    0x9f, 0xff, 0xc0, 0x9, 0xff, 0xfc, 0x0, 0x9f, 0xff, 0xc0, 0x9, 0xff, 0xfc,
    0x0, 0x9f, 0xff, 0xc0, 0x9, 0xff, 0xfc, 0x0, 0x9f, 0xff, 0xc0, 0x9, 0xff,
    0xfc, 0x0, 0x9f, 0xff, 0xc0, 0x9, 0xff, 0xfc, 0x0, 0x9f, 0xff, 0xc0, 0x9,
    0xff, 0xfc, 0x0, 0x9f, 0xff, 0xc0, 0x9, 0xff, 0xfc, 0x0, 0x9f, 0xff, 0xc0,

    /* U+006A "j" */
    0x0, 0x0, 0x2b, 0xfc, 0x30, 0x0, 0x0, 0xdf, 0xff, 0xf1, 0x0, 0x1, 0xff,
    0xff, 0xf4, 0x0, 0x0, 0xef, 0xff, 0xf2, 0x0, 0x0, 0x4f, 0xff, 0x70, 0x0,
    0x0, 0x1, 0x31, 0x0, 0x0, 0x0, 0x0, 0x0, 0x0, 0x0, 0x0, 0x0, 0x0, 0x0, 0x0,
    0x0, 0x9f, 0xff, 0xc0, 0x0, 0x0, 0x9f, 0xff, 0xc0, 0x0, 0x0, 0x9f, 0xff,
    0xc0, 0x0, 0x0, 0x9f, 0xff, 0xc0, 0x0, 0x0, 0x9f, 0xff, 0xc0, 0x0, 0x0,
    0x9f, 0xff, 0xc0, 0x0, 0x0, 0x9f, 0xff, 0xc0, 0x0, 0x0, 0x9f, 0xff, 0xc0,
    0x0, 0x0, 0x9f, 0xff, 0xc0, 0x0, 0x0, 0x9f, 0xff, 0xc0, 0x0, 0x0, 0x9f,
    0xff, 0xc0, 0x0, 0x0, 0x9f, 0xff, 0xc0, 0x0, 0x0, 0x9f, 0xff, 0xc0, 0x0,
    0x0, 0x9f, 0xff, 0xc0, 0x0, 0x0, 0x9f, 0xff, 0xc0, 0x0, 0x0, 0x9f, 0xff,
    0xc0, 0x0, 0x0, 0x9f, 0xff, 0xc0, 0x0, 0x0, 0x9f, 0xff, 0xc0, 0x0, 0x0,
    0x9f, 0xff, 0xc0, 0x0, 0x0, 0x9f, 0xff, 0xc0, 0x0, 0x0, 0x9f, 0xff, 0xc0,
    0x0, 0x0, 0x9f, 0xff, 0xc0, 0x0, 0x0, 0x9f, 0xff, 0xc0, 0x0, 0x0, 0x9f,
    0xff, 0xc0, 0x0, 0x0, 0x9f, 0xff, 0xc0, 0x0, 0x0, 0xbf, 0xff, 0xb0, 0x0,
    0x2, 0xff, 0xff, 0x90, 0x2a, 0xbf, 0xff, 0xff, 0x40, 0x4f, 0xff, 0xff, 0xfc,
    0x0, 0x4f, 0xff, 0xff, 0xd1, 0x0, 0x4f, 0xfe, 0xc6, 0x0, 0x0,

    /* U+006B "k" */
    0x9f, 0xff, 0xc0, 0x0, 0x0, 0x0, 0x0, 0x0, 0x0, 0x0, 0x9, 0xff, 0xfc, 0x0,
    0x0, 0x0, 0x0, 0x0, 0x0, 0x0, 0x0, 0x9f, 0xff, 0xc0, 0x0, 0x0, 0x0, 0x0,
    0x0, 0x0, 0x0, 0x9, 0xff, 0xfc, 0x0, 0x0, 0x0, 0x0, 0x0, 0x0, 0x0, 0x0,
    0x9f, 0xff, 0xc0, 0x0, 0x0, 0x0, 0x0, 0x0, 0x0, 0x0, 0x9, 0xff, 0xfc, 0x0,
    0x0, 0x0, 0x0, 0x0, 0x0, 0x0, 0x0, 0x9f, 0xff, 0xc0, 0x0, 0x0, 0x0, 0x0,
    0x0, 0x0, 0x0, 0x9, 0xff, 0xfc, 0x0, 0x0, 0x0, 0x0, 0x0, 0x0, 0x0, 0x0,
    0x9f, 0xff, 0xc0, 0x0, 0x0, 0x0, 0x6, 0xff, 0xff, 0xd1, 0x9, 0xff, 0xfc,
    0x0, 0x0, 0x0, 0x6, 0xff, 0xff, 0xd1, 0x0, 0x9f, 0xff, 0xc0, 0x0, 0x0, 0x6,
    0xff, 0xff, 0xe2, 0x0, 0x9, 0xff, 0xfc, 0x0, 0x0, 0x6, 0xff, 0xff, 0xe2,
    0x0, 0x0, 0x9f, 0xff, 0xc0, 0x0, 0x5, 0xff, 0xff, 0xe2, 0x0, 0x0, 0x9, 0xff,
    0xfc, 0x0, 0x5, 0xff, 0xff, 0xe2, 0x0, 0x0, 0x0, 0x9f, 0xff, 0xc0, 0x5,
    0xff, 0xff, 0xe3, 0x0, 0x0, 0x0, 0x9, 0xff, 0xfc, 0x5, 0xff, 0xff, 0xf3,
    0x0, 0x0, 0x0, 0x0, 0x9f, 0xff, 0xc5, 0xff, 0xff, 0xf3, 0x0, 0x0, 0x0, 0x0,
    0x9, 0xff, 0xfe, 0xff, 0xff, 0xf7, 0x0, 0x0, 0x0, 0x0, 0x0, 0x9f, 0xff,
    0xff, 0xff, 0xff, 0xf2, 0x0, 0x0, 0x0, 0x0, 0x9, 0xff, 0xff, 0xff, 0xff,
    0xff, 0xd0, 0x0, 0x0, 0x0, 0x0, 0x9f, 0xff, 0xff, 0x9b, 0xff, 0xff, 0xa0,
    0x0, 0x0, 0x0, 0x9, 0xff, 0xff, 0x80, 0x1d, 0xff, 0xff, 0x60, 0x0, 0x0, 0x0,
    0x9f, 0xff, 0xc0, 0x0, 0x3f, 0xff, 0xff, 0x30, 0x0, 0x0, 0x9, 0xff, 0xfc,
    0x0, 0x0, 0x5f, 0xff, 0xfe, 0x10, 0x0, 0x0, 0x9f, 0xff, 0xc0, 0x0, 0x0,
    0x9f, 0xff, 0xfb, 0x0, 0x0, 0x9, 0xff, 0xfc, 0x0, 0x0, 0x0, 0xcf, 0xff,
    0xf8, 0x0, 0x0, 0x9f, 0xff, 0xc0, 0x0, 0x0, 0x1, 0xef, 0xff, 0xf5, 0x0, 0x9,
    0xff, 0xfc, 0x0, 0x0, 0x0, 0x3, 0xff, 0xff, 0xf2, 0x0, 0x9f, 0xff, 0xc0,
    0x0, 0x0, 0x0, 0x7, 0xff, 0xff, 0xd0, 0x9, 0xff, 0xfc, 0x0, 0x0, 0x0, 0x0,
    0xa, 0xff, 0xff, 0xa0,

    /* U+006C "l" */
    0x9f, 0xff, 0xc9, 0xff, 0xfc, 0x9f, 0xff, 0xc9, 0xff, 0xfc, 0x9f, 0xff,
    0xc9, 0xff, 0xfc, 0x9f, 0xff, 0xc9, 0xff, 0xfc, 0x9f, 0xff, 0xc9, 0xff,
    0xfc, 0x9f, 0xff, 0xc9, 0xff, 0xfc, 0x9f, 0xff, 0xc9, 0xff, 0xfc, 0x9f,
    0xff, 0xc9, 0xff, 0xfc, 0x9f, 0xff, 0xc9, 0xff, 0xfc, 0x9f, 0xff, 0xc9,
    0xff, 0xfc, 0x9f, 0xff, 0xc9, 0xff, 0xfc, 0x9f, 0xff, 0xc9, 0xff, 0xfc,
    0x9f, 0xff, 0xc9, 0xff, 0xfc, 0x9f, 0xff, 0xc9, 0xff, 0xfc, 0x9f, 0xff,
    0xc9, 0xff, 0xfc,

    /* U+006D "m" */
    0x9f, 0xff, 0xa0, 0x1, 0x8c, 0xff, 0xd9, 0x20, 0x0, 0x0, 0x29, 0xdf, 0xfd,
    0xa4, 0x0, 0x0, 0x9f, 0xff, 0xa0, 0x4e, 0xff, 0xff, 0xff, 0xf6, 0x0, 0x7,
    0xff, 0xff, 0xff, 0xff, 0xa0, 0x0, 0x9f, 0xff, 0xa4, 0xff, 0xff, 0xff, 0xff,
    0xff, 0x60, 0x9f, 0xff, 0xff, 0xff, 0xff, 0xfb, 0x0, 0x9f, 0xff, 0xbe, 0xff,
    0xec, 0xef, 0xff, 0xff, 0xf6, 0xff, 0xfe, 0xcd, 0xff, 0xff, 0xff, 0x60,
    0x9f, 0xff, 0xff, 0xd4, 0x0, 0x3, 0xcf, 0xff, 0xff, 0xfd, 0x40, 0x0, 0x1a,
    0xff, 0xff, 0xd0, 0x9f, 0xff, 0xfd, 0x0, 0x0, 0x0, 0xd, 0xff, 0xff, 0xe1,
    0x0, 0x0, 0x0, 0xaf, 0xff, 0xf2, 0x9f, 0xff, 0xf4, 0x0, 0x0, 0x0, 0x6, 0xff,
    0xff, 0x70, 0x0, 0x0, 0x0, 0x2f, 0xff, 0xf4, 0x9f, 0xff, 0xe0, 0x0, 0x0,
    0x0, 0x3, 0xff, 0xff, 0x20, 0x0, 0x0, 0x0, 0xf, 0xff, 0xf6, 0x9f, 0xff,
    0xc0, 0x0, 0x0, 0x0, 0x3, 0xff, 0xff, 0x10, 0x0, 0x0, 0x0, 0xe, 0xff, 0xf6,
    0x9f, 0xff, 0xc0, 0x0, 0x0, 0x0, 0x3, 0xff, 0xff, 0x10, 0x0, 0x0, 0x0, 0xe,
    0xff, 0xf6, 0x9f, 0xff, 0xc0, 0x0, 0x0, 0x0, 0x3, 0xff, 0xff, 0x10, 0x0,
    0x0, 0x0, 0xe, 0xff, 0xf6, 0x9f, 0xff, 0xc0, 0x0, 0x0, 0x0, 0x3, 0xff, 0xff,
    0x10, 0x0, 0x0, 0x0, 0xe, 0xff, 0xf6, 0x9f, 0xff, 0xc0, 0x0, 0x0, 0x0, 0x3,
    0xff, 0xff, 0x10, 0x0, 0x0, 0x0, 0xe, 0xff, 0xf6, 0x9f, 0xff, 0xc0, 0x0,
    0x0, 0x0, 0x3, 0xff, 0xff, 0x10, 0x0, 0x0, 0x0, 0xe, 0xff, 0xf6, 0x9f, 0xff,
    0xc0, 0x0, 0x0, 0x0, 0x3, 0xff, 0xff, 0x10, 0x0, 0x0, 0x0, 0xe, 0xff, 0xf6,
    0x9f, 0xff, 0xc0, 0x0, 0x0, 0x0, 0x3, 0xff, 0xff, 0x10, 0x0, 0x0, 0x0, 0xe,
    0xff, 0xf6, 0x9f, 0xff, 0xc0, 0x0, 0x0, 0x0, 0x3, 0xff, 0xff, 0x10, 0x0,
    0x0, 0x0, 0xe, 0xff, 0xf6, 0x9f, 0xff, 0xc0, 0x0, 0x0, 0x0, 0x3, 0xff, 0xff,
    0x10, 0x0, 0x0, 0x0, 0xe, 0xff, 0xf6, 0x9f, 0xff, 0xc0, 0x0, 0x0, 0x0, 0x3,
    0xff, 0xff, 0x10, 0x0, 0x0, 0x0, 0xe, 0xff, 0xf6, 0x9f, 0xff, 0xc0, 0x0,
    0x0, 0x0, 0x3, 0xff, 0xff, 0x10, 0x0, 0x0, 0x0, 0xe, 0xff, 0xf6, 0x9f, 0xff,
    0xc0, 0x0, 0x0, 0x0, 0x3, 0xff, 0xff, 0x10, 0x0, 0x0, 0x0, 0xe, 0xff, 0xf6,
    0x9f, 0xff, 0xc0, 0x0, 0x0, 0x0, 0x3, 0xff, 0xff, 0x10, 0x0, 0x0, 0x0, 0xe,
    0xff, 0xf6,

    /* U+006E "n" */
    0x9f, 0xff, 0xb0, 0x1, 0x7c, 0xef, 0xda, 0x50, 0x0, 0x0, 0x9f, 0xff, 0xb0,
    0x6f, 0xff, 0xff, 0xff, 0xfc, 0x20, 0x0, 0x9f, 0xff, 0xb6, 0xff, 0xff, 0xff,
    0xff, 0xff, 0xe1, 0x0, 0x9f, 0xff, 0xdf, 0xff, 0xfe, 0xef, 0xff, 0xff, 0xfc,
    0x0, 0x9f, 0xff, 0xff, 0xe6, 0x10, 0x1, 0x7f, 0xff, 0xff, 0x50, 0x9f, 0xff,
    0xfe, 0x20, 0x0, 0x0, 0x4, 0xff, 0xff, 0xa0, 0x9f, 0xff, 0xf5, 0x0, 0x0,
    0x0, 0x0, 0xbf, 0xff, 0xe0, 0x9f, 0xff, 0xf0, 0x0, 0x0, 0x0, 0x0, 0x6f,
    0xff, 0xf0, 0x9f, 0xff, 0xd0, 0x0, 0x0, 0x0, 0x0, 0x4f, 0xff, 0xf0, 0x9f,
    0xff, 0xc0, 0x0, 0x0, 0x0, 0x0, 0x4f, 0xff, 0xf1, 0x9f, 0xff, 0xc0, 0x0,
    0x0, 0x0, 0x0, 0x4f, 0xff, 0xf1, 0x9f, 0xff, 0xc0, 0x0, 0x0, 0x0, 0x0, 0x4f,
    0xff, 0xf1, 0x9f, 0xff, 0xc0, 0x0, 0x0, 0x0, 0x0, 0x4f, 0xff, 0xf1, 0x9f,
    0xff, 0xc0, 0x0, 0x0, 0x0, 0x0, 0x4f, 0xff, 0xf1, 0x9f, 0xff, 0xc0, 0x0,
    0x0, 0x0, 0x0, 0x4f, 0xff, 0xf1, 0x9f, 0xff, 0xc0, 0x0, 0x0, 0x0, 0x0, 0x4f,
    0xff, 0xf1, 0x9f, 0xff, 0xc0, 0x0, 0x0, 0x0, 0x0, 0x4f, 0xff, 0xf1, 0x9f,
    0xff, 0xc0, 0x0, 0x0, 0x0, 0x0, 0x4f, 0xff, 0xf1, 0x9f, 0xff, 0xc0, 0x0,
    0x0, 0x0, 0x0, 0x4f, 0xff, 0xf1, 0x9f, 0xff, 0xc0, 0x0, 0x0, 0x0, 0x0, 0x4f,
    0xff, 0xf1, 0x9f, 0xff, 0xc0, 0x0, 0x0, 0x0, 0x0, 0x4f, 0xff, 0xf1, 0x9f,
    0xff, 0xc0, 0x0, 0x0, 0x0, 0x0, 0x4f, 0xff, 0xf1,

    /* U+006F "o" */
    0x0, 0x0, 0x0, 0x28, 0xce, 0xff, 0xda, 0x50, 0x0, 0x0, 0x0, 0x0, 0x0, 0x1a,
    0xff, 0xff, 0xff, 0xff, 0xfe, 0x50, 0x0, 0x0, 0x0, 0x3, 0xef, 0xff, 0xff,
    0xff, 0xff, 0xff, 0xf9, 0x0, 0x0, 0x0, 0x2f, 0xff, 0xff, 0xfd, 0xbc, 0xff,
    0xff, 0xff, 0x90, 0x0, 0x0, 0xdf, 0xff, 0xfa, 0x20, 0x0, 0x6, 0xef, 0xff,
    0xf5, 0x0, 0x6, 0xff, 0xff, 0x90, 0x0, 0x0, 0x0, 0x2e, 0xff, 0xfd, 0x0, 0xd,
    0xff, 0xfd, 0x0, 0x0, 0x0, 0x0, 0x5, 0xff, 0xff, 0x50, 0x2f, 0xff, 0xf5,
    0x0, 0x0, 0x0, 0x0, 0x0, 0xdf, 0xff, 0xa0, 0x6f, 0xff, 0xf1, 0x0, 0x0, 0x0,
    0x0, 0x0, 0x9f, 0xff, 0xd0, 0x8f, 0xff, 0xd0, 0x0, 0x0, 0x0, 0x0, 0x0, 0x6f,
    0xff, 0xf0, 0x9f, 0xff, 0xc0, 0x0, 0x0, 0x0, 0x0, 0x0, 0x4f, 0xff, 0xf1,
    0x9f, 0xff, 0xc0, 0x0, 0x0, 0x0, 0x0, 0x0, 0x4f, 0xff, 0xf1, 0x8f, 0xff,
    0xd0, 0x0, 0x0, 0x0, 0x0, 0x0, 0x5f, 0xff, 0xf0, 0x6f, 0xff, 0xf0, 0x0, 0x0,
    0x0, 0x0, 0x0, 0x8f, 0xff, 0xe0, 0x2f, 0xff, 0xf5, 0x0, 0x0, 0x0, 0x0, 0x0,
    0xdf, 0xff, 0xa0, 0xd, 0xff, 0xfc, 0x0, 0x0, 0x0, 0x0, 0x5, 0xff, 0xff,
    0x50, 0x6, 0xff, 0xff, 0x80, 0x0, 0x0, 0x0, 0x2e, 0xff, 0xfe, 0x0, 0x0,
    0xdf, 0xff, 0xfa, 0x20, 0x0, 0x5, 0xef, 0xff, 0xf5, 0x0, 0x0, 0x2f, 0xff,
    0xff, 0xfd, 0xbc, 0xff, 0xff, 0xff, 0x90, 0x0, 0x0, 0x3, 0xef, 0xff, 0xff,
    0xff, 0xff, 0xff, 0xfa, 0x0, 0x0, 0x0, 0x0, 0x1b, 0xff, 0xff, 0xff, 0xff,
    0xfe, 0x60, 0x0, 0x0, 0x0, 0x0, 0x0, 0x28, 0xce, 0xff, 0xda, 0x50, 0x0, 0x0,
    0x0,

    /* U+0070 "p" */
    0x9f, 0xff, 0xb0, 0x1, 0x7c, 0xef, 0xec, 0x71, 0x0, 0x0, 0x9, 0xff, 0xfb,
    0x6, 0xff, 0xff, 0xff, 0xff, 0xf7, 0x0, 0x0, 0x9f, 0xff, 0xb7, 0xff, 0xff,
    0xff, 0xff, 0xff, 0xfa, 0x0, 0x9, 0xff, 0xfe, 0xff, 0xff, 0xcb, 0xcf, 0xff,
    0xff, 0xf8, 0x0, 0x9f, 0xff, 0xff, 0xf8, 0x10, 0x0, 0x8, 0xff, 0xff, 0xf3,
    0x9, 0xff, 0xff, 0xf5, 0x0, 0x0, 0x0, 0x5, 0xff, 0xff, 0xb0, 0x9f, 0xff,
    0xf9, 0x0, 0x0, 0x0, 0x0, 0x9, 0xff, 0xff, 0x29, 0xff, 0xff, 0x10, 0x0, 0x0,
    0x0, 0x0, 0x2f, 0xff, 0xf6, 0x9f, 0xff, 0xc0, 0x0, 0x0, 0x0, 0x0, 0x0, 0xdf,
    0xff, 0x99, 0xff, 0xf9, 0x0, 0x0, 0x0, 0x0, 0x0, 0xa, 0xff, 0xfb, 0x9f,
    0xff, 0x80, 0x0, 0x0, 0x0, 0x0, 0x0, 0x9f, 0xff, 0xc9, 0xff, 0xf8, 0x0, 0x0,
    0x0, 0x0, 0x0, 0x9, 0xff, 0xfc, 0x9f, 0xff, 0x90, 0x0, 0x0, 0x0, 0x0, 0x0,
    0xaf, 0xff, 0xb9, 0xff, 0xfc, 0x0, 0x0, 0x0, 0x0, 0x0, 0xd, 0xff, 0xf9,
    0x9f, 0xff, 0xf1, 0x0, 0x0, 0x0, 0x0, 0x2, 0xff, 0xff, 0x69, 0xff, 0xff,
    0x90, 0x0, 0x0, 0x0, 0x0, 0x9f, 0xff, 0xf2, 0x9f, 0xff, 0xff, 0x50, 0x0,
    0x0, 0x0, 0x5f, 0xff, 0xfc, 0x9, 0xff, 0xff, 0xff, 0x81, 0x0, 0x0, 0x8f,
    0xff, 0xff, 0x30, 0x9f, 0xff, 0xde, 0xff, 0xfc, 0xbc, 0xff, 0xff, 0xff,
    0x90, 0x9, 0xff, 0xfc, 0x4f, 0xff, 0xff, 0xff, 0xff, 0xff, 0xa0, 0x0, 0x9f,
    0xff, 0xc0, 0x4e, 0xff, 0xff, 0xff, 0xff, 0x80, 0x0, 0x9, 0xff, 0xfc, 0x0,
    0x16, 0xce, 0xfe, 0xc8, 0x10, 0x0, 0x0, 0x9f, 0xff, 0xc0, 0x0, 0x0, 0x0,
    0x0, 0x0, 0x0, 0x0, 0x9, 0xff, 0xfc, 0x0, 0x0, 0x0, 0x0, 0x0, 0x0, 0x0, 0x0,
    0x9f, 0xff, 0xc0, 0x0, 0x0, 0x0, 0x0, 0x0, 0x0, 0x0, 0x9, 0xff, 0xfc, 0x0,
    0x0, 0x0, 0x0, 0x0, 0x0, 0x0, 0x0, 0x9f, 0xff, 0xc0, 0x0, 0x0, 0x0, 0x0,
    0x0, 0x0, 0x0, 0x9, 0xff, 0xfc, 0x0, 0x0, 0x0, 0x0, 0x0, 0x0, 0x0, 0x0,
    0x9f, 0xff, 0xc0, 0x0, 0x0, 0x0, 0x0, 0x0, 0x0, 0x0, 0x9, 0xff, 0xfc, 0x0,
    0x0, 0x0, 0x0, 0x0, 0x0, 0x0, 0x0, 0x9f, 0xff, 0xc0, 0x0, 0x0, 0x0, 0x0,
    0x0, 0x0, 0x0, 0x0,

    /* U+0071 "q" */
    0x0, 0x0, 0x0, 0x6b, 0xef, 0xec, 0x82, 0x0, 0x7f, 0xff, 0xc0, 0x0, 0x5,
    0xef, 0xff, 0xff, 0xff, 0xf8, 0x7, 0xff, 0xfc, 0x0, 0x7, 0xff, 0xff, 0xff,
    0xff, 0xff, 0xfa, 0x7f, 0xff, 0xc0, 0x5, 0xff, 0xff, 0xff, 0xdb, 0xcf, 0xff,
    0xfd, 0xff, 0xfc, 0x1, 0xff, 0xff, 0xfa, 0x10, 0x0, 0x6, 0xff, 0xff, 0xff,
    0xc0, 0x8f, 0xff, 0xf8, 0x0, 0x0, 0x0, 0x3, 0xff, 0xff, 0xfc, 0xe, 0xff,
    0xfc, 0x0, 0x0, 0x0, 0x0, 0x6, 0xff, 0xff, 0xc3, 0xff, 0xff, 0x50, 0x0, 0x0,
    0x0, 0x0, 0xe, 0xff, 0xfc, 0x6f, 0xff, 0xf0, 0x0, 0x0, 0x0, 0x0, 0x0, 0x9f,
    0xff, 0xc8, 0xff, 0xfd, 0x0, 0x0, 0x0, 0x0, 0x0, 0x6, 0xff, 0xfc, 0x9f,
    0xff, 0xc0, 0x0, 0x0, 0x0, 0x0, 0x0, 0x5f, 0xff, 0xc9, 0xff, 0xfc, 0x0, 0x0,
    0x0, 0x0, 0x0, 0x5, 0xff, 0xfc, 0x8f, 0xff, 0xd0, 0x0, 0x0, 0x0, 0x0, 0x0,
    0x6f, 0xff, 0xc6, 0xff, 0xff, 0x0, 0x0, 0x0, 0x0, 0x0, 0x9, 0xff, 0xfc,
    0x3f, 0xff, 0xf5, 0x0, 0x0, 0x0, 0x0, 0x0, 0xef, 0xff, 0xc0, 0xef, 0xff,
    0xc0, 0x0, 0x0, 0x0, 0x0, 0x6f, 0xff, 0xfc, 0x8, 0xff, 0xff, 0x70, 0x0, 0x0,
    0x0, 0x3f, 0xff, 0xff, 0xc0, 0x1f, 0xff, 0xff, 0xa1, 0x0, 0x0, 0x6f, 0xff,
    0xff, 0xfc, 0x0, 0x6f, 0xff, 0xff, 0xfd, 0xbc, 0xff, 0xff, 0xcf, 0xff, 0xc0,
    0x0, 0x8f, 0xff, 0xff, 0xff, 0xff, 0xff, 0x79, 0xff, 0xfc, 0x0, 0x0, 0x5e,
    0xff, 0xff, 0xff, 0xff, 0x60, 0x9f, 0xff, 0xc0, 0x0, 0x0, 0x6, 0xbe, 0xfe,
    0xc8, 0x10, 0x9, 0xff, 0xfc, 0x0, 0x0, 0x0, 0x0, 0x0, 0x0, 0x0, 0x0, 0x9f,
    0xff, 0xc0, 0x0, 0x0, 0x0, 0x0, 0x0, 0x0, 0x0, 0x9, 0xff, 0xfc, 0x0, 0x0,
    0x0, 0x0, 0x0, 0x0, 0x0, 0x0, 0x9f, 0xff, 0xc0, 0x0, 0x0, 0x0, 0x0, 0x0,
    0x0, 0x0, 0x9, 0xff, 0xfc, 0x0, 0x0, 0x0, 0x0, 0x0, 0x0, 0x0, 0x0, 0x9f,
    0xff, 0xc0, 0x0, 0x0, 0x0, 0x0, 0x0, 0x0, 0x0, 0x9, 0xff, 0xfc, 0x0, 0x0,
    0x0, 0x0, 0x0, 0x0, 0x0, 0x0, 0x9f, 0xff, 0xc0, 0x0, 0x0, 0x0, 0x0, 0x0,
    0x0, 0x0, 0x9, 0xff, 0xfc, 0x0, 0x0, 0x0, 0x0, 0x0, 0x0, 0x0, 0x0, 0x9f,
    0xff, 0xc0,

    /* U+0072 "r" */
    0x9f, 0xff, 0x90, 0x7, 0xdf, 0xf6, 0x9f, 0xff, 0x91, 0xdf, 0xff, 0xf7, 0x9f,
    0xff, 0x9b, 0xff, 0xff, 0xf7, 0x9f, 0xff, 0xcf, 0xff, 0xfe, 0xf7, 0x9f,
    0xff, 0xff, 0xc4, 0x0, 0x0, 0x9f, 0xff, 0xfc, 0x0, 0x0, 0x0, 0x9f, 0xff,
    0xf3, 0x0, 0x0, 0x0, 0x9f, 0xff, 0xe0, 0x0, 0x0, 0x0, 0x9f, 0xff, 0xc0, 0x0,
    0x0, 0x0, 0x9f, 0xff, 0xc0, 0x0, 0x0, 0x0, 0x9f, 0xff, 0xc0, 0x0, 0x0, 0x0,
    0x9f, 0xff, 0xc0, 0x0, 0x0, 0x0, 0x9f, 0xff, 0xc0, 0x0, 0x0, 0x0, 0x9f,
    0xff, 0xc0, 0x0, 0x0, 0x0, 0x9f, 0xff, 0xc0, 0x0, 0x0, 0x0, 0x9f, 0xff,
    0xc0, 0x0, 0x0, 0x0, 0x9f, 0xff, 0xc0, 0x0, 0x0, 0x0, 0x9f, 0xff, 0xc0, 0x0,
    0x0, 0x0, 0x9f, 0xff, 0xc0, 0x0, 0x0, 0x0, 0x9f, 0xff, 0xc0, 0x0, 0x0, 0x0,
    0x9f, 0xff, 0xc0, 0x0, 0x0, 0x0, 0x9f, 0xff, 0xc0, 0x0, 0x0, 0x0,

    /* U+0073 "s" */
    0x0, 0x0, 0x16, 0xbe, 0xff, 0xec, 0x82, 0x0, 0x0, 0x0, 0x0, 0x7f, 0xff,
    0xff, 0xff, 0xff, 0xf9, 0x0, 0x0, 0x0, 0x9f, 0xff, 0xff, 0xff, 0xff, 0xff,
    0xfc, 0x10, 0x0, 0x5f, 0xff, 0xff, 0xa7, 0x69, 0xef, 0xff, 0xfa, 0x0, 0xc,
    0xff, 0xfe, 0x20, 0x0, 0x0, 0x9f, 0xff, 0xf2, 0x0, 0xff, 0xff, 0x60, 0x0,
    0x0, 0x0, 0xcf, 0xff, 0x70, 0x1f, 0xff, 0xf4, 0x0, 0x0, 0x0, 0x7, 0xee,
    0xe9, 0x0, 0xff, 0xff, 0xa0, 0x0, 0x0, 0x0, 0x0, 0x0, 0x0, 0xa, 0xff, 0xff,
    0xb4, 0x0, 0x0, 0x0, 0x0, 0x0, 0x0, 0x2e, 0xff, 0xff, 0xff, 0xc8, 0x51, 0x0,
    0x0, 0x0, 0x0, 0x2d, 0xff, 0xff, 0xff, 0xff, 0xfd, 0x70, 0x0, 0x0, 0x0, 0x6,
    0xdf, 0xff, 0xff, 0xff, 0xff, 0xe4, 0x0, 0x0, 0x0, 0x0, 0x15, 0x8c, 0xff,
    0xff, 0xff, 0xf4, 0x0, 0x0, 0x0, 0x0, 0x0, 0x0, 0x4b, 0xff, 0xff, 0xc0, 0x0,
    0x0, 0x0, 0x0, 0x0, 0x0, 0x9, 0xff, 0xff, 0x17, 0xff, 0xfc, 0x0, 0x0, 0x0,
    0x0, 0x3f, 0xff, 0xf2, 0x5f, 0xff, 0xf2, 0x0, 0x0, 0x0, 0x5, 0xff, 0xff,
    0x10, 0xff, 0xff, 0xd1, 0x0, 0x0, 0x3, 0xef, 0xff, 0xd0, 0x7, 0xff, 0xff,
    0xfa, 0x87, 0x8c, 0xff, 0xff, 0xf6, 0x0, 0x9, 0xff, 0xff, 0xff, 0xff, 0xff,
    0xff, 0xf8, 0x0, 0x0, 0x6, 0xef, 0xff, 0xff, 0xff, 0xff, 0xe5, 0x0, 0x0,
    0x0, 0x0, 0x5a, 0xde, 0xfe, 0xd9, 0x50, 0x0, 0x0,

    /* U+0074 "t" */
    0x0, 0x0, 0x68, 0x88, 0x30, 0x0, 0x0, 0x0, 0xd, 0xff, 0xf7, 0x0, 0x0, 0x0,
    0x0, 0xdf, 0xff, 0x70, 0x0, 0x0, 0x0, 0xd, 0xff, 0xf7, 0x0, 0x0, 0x0, 0x0,
    0xdf, 0xff, 0x70, 0x0, 0x0, 0x0, 0xd, 0xff, 0xf7, 0x0, 0x0, 0xaf, 0xff,
    0xff, 0xff, 0xff, 0xff, 0xea, 0xff, 0xff, 0xff, 0xff, 0xff, 0xfe, 0xaf,
    0xff, 0xff, 0xff, 0xff, 0xff, 0xe5, 0x88, 0x8e, 0xff, 0xfc, 0x88, 0x87, 0x0,
    0x0, 0xdf, 0xff, 0x70, 0x0, 0x0, 0x0, 0xd, 0xff, 0xf7, 0x0, 0x0, 0x0, 0x0,
    0xdf, 0xff, 0x70, 0x0, 0x0, 0x0, 0xd, 0xff, 0xf7, 0x0, 0x0, 0x0, 0x0, 0xdf,
    0xff, 0x70, 0x0, 0x0, 0x0, 0xd, 0xff, 0xf7, 0x0, 0x0, 0x0, 0x0, 0xdf, 0xff,
    0x70, 0x0, 0x0, 0x0, 0xd, 0xff, 0xf7, 0x0, 0x0, 0x0, 0x0, 0xdf, 0xff, 0x70,
    0x0, 0x0, 0x0, 0xd, 0xff, 0xf7, 0x0, 0x0, 0x0, 0x0, 0xdf, 0xff, 0x70, 0x0,
    0x0, 0x0, 0xd, 0xff, 0xf7, 0x0, 0x0, 0x0, 0x0, 0xdf, 0xff, 0x80, 0x0, 0x0,
    0x0, 0xc, 0xff, 0xfb, 0x0, 0x0, 0x0, 0x0, 0xaf, 0xff, 0xfc, 0x98, 0x70, 0x0,
    0x3, 0xff, 0xff, 0xff, 0xfe, 0x0, 0x0, 0x7, 0xff, 0xff, 0xff, 0xe0, 0x0,
    0x0, 0x3, 0xad, 0xff, 0xfe,

    /* U+0075 "u" */
    0x9f, 0xff, 0xc0, 0x0, 0x0, 0x0, 0x0, 0x4f, 0xff, 0xf1, 0x9f, 0xff, 0xc0,
    0x0, 0x0, 0x0, 0x0, 0x4f, 0xff, 0xf1, 0x9f, 0xff, 0xc0, 0x0, 0x0, 0x0, 0x0,
    0x4f, 0xff, 0xf1, 0x9f, 0xff, 0xc0, 0x0, 0x0, 0x0, 0x0, 0x4f, 0xff, 0xf1,
    0x9f, 0xff, 0xc0, 0x0, 0x0, 0x0, 0x0, 0x4f, 0xff, 0xf1, 0x9f, 0xff, 0xc0,
    0x0, 0x0, 0x0, 0x0, 0x4f, 0xff, 0xf1, 0x9f, 0xff, 0xc0, 0x0, 0x0, 0x0, 0x0,
    0x4f, 0xff, 0xf1, 0x9f, 0xff, 0xc0, 0x0, 0x0, 0x0, 0x0, 0x4f, 0xff, 0xf1,
    0x9f, 0xff, 0xc0, 0x0, 0x0, 0x0, 0x0, 0x4f, 0xff, 0xf1, 0x9f, 0xff, 0xc0,
    0x0, 0x0, 0x0, 0x0, 0x4f, 0xff, 0xf1, 0x9f, 0xff, 0xc0, 0x0, 0x0, 0x0, 0x0,
    0x4f, 0xff, 0xf1, 0x9f, 0xff, 0xc0, 0x0, 0x0, 0x0, 0x0, 0x4f, 0xff, 0xf1,
    0x9f, 0xff, 0xc0, 0x0, 0x0, 0x0, 0x0, 0x4f, 0xff, 0xf1, 0x8f, 0xff, 0xc0,
    0x0, 0x0, 0x0, 0x0, 0x5f, 0xff, 0xf1, 0x8f, 0xff, 0xe0, 0x0, 0x0, 0x0, 0x0,
    0x8f, 0xff, 0xf1, 0x6f, 0xff, 0xf3, 0x0, 0x0, 0x0, 0x0, 0xdf, 0xff, 0xf1,
    0x2f, 0xff, 0xfc, 0x0, 0x0, 0x0, 0x8, 0xff, 0xff, 0xf1, 0xd, 0xff, 0xff,
    0xb3, 0x0, 0x3, 0xaf, 0xff, 0xff, 0xf1, 0x4, 0xff, 0xff, 0xff, 0xfd, 0xef,
    0xff, 0xdf, 0xff, 0xf1, 0x0, 0x8f, 0xff, 0xff, 0xff, 0xff, 0xfd, 0x4f, 0xff,
    0xf1, 0x0, 0x7, 0xff, 0xff, 0xff, 0xff, 0xc1, 0x3f, 0xff, 0xf1, 0x0, 0x0,
    0x28, 0xce, 0xfd, 0xb5, 0x0, 0x3f, 0xff, 0xf1,

    /* U+0076 "v" */
    0x5f, 0xff, 0xf4, 0x0, 0x0, 0x0, 0x0, 0x0, 0x2f, 0xff, 0xf6, 0xe, 0xff,
    0xfa, 0x0, 0x0, 0x0, 0x0, 0x0, 0x8f, 0xff, 0xf1, 0x9, 0xff, 0xff, 0x0, 0x0,
    0x0, 0x0, 0x0, 0xdf, 0xff, 0xa0, 0x3, 0xff, 0xff, 0x60, 0x0, 0x0, 0x0, 0x3,
    0xff, 0xff, 0x40, 0x0, 0xdf, 0xff, 0xb0, 0x0, 0x0, 0x0, 0x9, 0xff, 0xfe,
    0x0, 0x0, 0x7f, 0xff, 0xf1, 0x0, 0x0, 0x0, 0xe, 0xff, 0xf8, 0x0, 0x0, 0x1f,
    0xff, 0xf7, 0x0, 0x0, 0x0, 0x4f, 0xff, 0xf2, 0x0, 0x0, 0xb, 0xff, 0xfc, 0x0,
    0x0, 0x0, 0x9f, 0xff, 0xc0, 0x0, 0x0, 0x5, 0xff, 0xff, 0x20, 0x0, 0x0, 0xff,
    0xff, 0x60, 0x0, 0x0, 0x0, 0xef, 0xff, 0x80, 0x0, 0x5, 0xff, 0xff, 0x0, 0x0,
    0x0, 0x0, 0x9f, 0xff, 0xd0, 0x0, 0xa, 0xff, 0xfa, 0x0, 0x0, 0x0, 0x0, 0x3f,
    0xff, 0xf3, 0x0, 0xf, 0xff, 0xf4, 0x0, 0x0, 0x0, 0x0, 0xd, 0xff, 0xf9, 0x0,
    0x5f, 0xff, 0xe0, 0x0, 0x0, 0x0, 0x0, 0x7, 0xff, 0xfe, 0x0, 0xbf, 0xff,
    0x80, 0x0, 0x0, 0x0, 0x0, 0x1, 0xff, 0xff, 0x30, 0xff, 0xff, 0x20, 0x0, 0x0,
    0x0, 0x0, 0x0, 0xbf, 0xff, 0x95, 0xff, 0xfc, 0x0, 0x0, 0x0, 0x0, 0x0, 0x0,
    0x5f, 0xff, 0xea, 0xff, 0xf6, 0x0, 0x0, 0x0, 0x0, 0x0, 0x0, 0xe, 0xff, 0xff,
    0xff, 0xf0, 0x0, 0x0, 0x0, 0x0, 0x0, 0x0, 0x9, 0xff, 0xff, 0xff, 0xa0, 0x0,
    0x0, 0x0, 0x0, 0x0, 0x0, 0x3, 0xff, 0xff, 0xff, 0x40, 0x0, 0x0, 0x0, 0x0,
    0x0, 0x0, 0x0, 0xdf, 0xff, 0xfe, 0x0, 0x0, 0x0, 0x0, 0x0, 0x0, 0x0, 0x0,
    0x7f, 0xff, 0xf8, 0x0, 0x0, 0x0, 0x0,

    /* U+0077 "w" */
    0x5f, 0xff, 0xf2, 0x0, 0x0, 0x0, 0x0, 0xff, 0xff, 0x70, 0x0, 0x0, 0x0, 0xb,
    0xff, 0xfd, 0x1, 0xff, 0xff, 0x70, 0x0, 0x0, 0x0, 0x3f, 0xff, 0xfb, 0x0,
    0x0, 0x0, 0x0, 0xff, 0xff, 0x80, 0xb, 0xff, 0xfb, 0x0, 0x0, 0x0, 0x8, 0xff,
    0xff, 0xf0, 0x0, 0x0, 0x0, 0x4f, 0xff, 0xf4, 0x0, 0x7f, 0xff, 0xf0, 0x0,
    0x0, 0x0, 0xcf, 0xff, 0xff, 0x40, 0x0, 0x0, 0x8, 0xff, 0xfe, 0x0, 0x2, 0xff,
    0xff, 0x40, 0x0, 0x0, 0x1f, 0xff, 0xff, 0xf8, 0x0, 0x0, 0x0, 0xdf, 0xff,
    0xa0, 0x0, 0xd, 0xff, 0xf8, 0x0, 0x0, 0x5, 0xff, 0xff, 0xff, 0xd0, 0x0, 0x0,
    0x1f, 0xff, 0xf5, 0x0, 0x0, 0x8f, 0xff, 0xd0, 0x0, 0x0, 0xaf, 0xff, 0x8f,
    0xff, 0x10, 0x0, 0x5, 0xff, 0xff, 0x0, 0x0, 0x3, 0xff, 0xff, 0x10, 0x0, 0xe,
    0xff, 0xc3, 0xff, 0xf6, 0x0, 0x0, 0xaf, 0xff, 0xb0, 0x0, 0x0, 0xe, 0xff,
    0xf5, 0x0, 0x3, 0xff, 0xf8, 0xf, 0xff, 0xa0, 0x0, 0xe, 0xff, 0xf6, 0x0, 0x0,
    0x0, 0x9f, 0xff, 0xa0, 0x0, 0x7f, 0xff, 0x30, 0xbf, 0xfe, 0x0, 0x3, 0xff,
    0xff, 0x10, 0x0, 0x0, 0x4, 0xff, 0xfe, 0x0, 0xb, 0xff, 0xf0, 0x7, 0xff,
    0xf3, 0x0, 0x7f, 0xff, 0xd0, 0x0, 0x0, 0x0, 0xf, 0xff, 0xf2, 0x0, 0xff,
    0xfb, 0x0, 0x3f, 0xff, 0x70, 0xb, 0xff, 0xf8, 0x0, 0x0, 0x0, 0x0, 0xbf,
    0xff, 0x60, 0x3f, 0xff, 0x60, 0x0, 0xef, 0xfb, 0x0, 0xff, 0xff, 0x30, 0x0,
    0x0, 0x0, 0x6, 0xff, 0xfa, 0x7, 0xff, 0xf2, 0x0, 0xa, 0xff, 0xf0, 0x3f,
    0xff, 0xe0, 0x0, 0x0, 0x0, 0x0, 0x1f, 0xff, 0xe0, 0xcf, 0xfd, 0x0, 0x0,
    0x5f, 0xff, 0x37, 0xff, 0xf9, 0x0, 0x0, 0x0, 0x0, 0x0, 0xcf, 0xff, 0x2f,
    0xff, 0x80, 0x0, 0x1, 0xff, 0xf7, 0xbf, 0xff, 0x40, 0x0, 0x0, 0x0, 0x0, 0x7,
    0xff, 0xfa, 0xff, 0xf4, 0x0, 0x0, 0xc, 0xff, 0xbf, 0xff, 0xf0, 0x0, 0x0,
    0x0, 0x0, 0x0, 0x2f, 0xff, 0xff, 0xff, 0x0, 0x0, 0x0, 0x7f, 0xff, 0xff,
    0xfa, 0x0, 0x0, 0x0, 0x0, 0x0, 0x0, 0xdf, 0xff, 0xff, 0xa0, 0x0, 0x0, 0x3,
    0xff, 0xff, 0xff, 0x60, 0x0, 0x0, 0x0, 0x0, 0x0, 0x9, 0xff, 0xff, 0xf6, 0x0,
    0x0, 0x0, 0xe, 0xff, 0xff, 0xf1, 0x0, 0x0, 0x0, 0x0, 0x0, 0x0, 0x4f, 0xff,
    0xff, 0x10, 0x0, 0x0, 0x0, 0xaf, 0xff, 0xfc, 0x0, 0x0, 0x0, 0x0, 0x0, 0x0,
    0x0, 0xef, 0xff, 0xc0, 0x0, 0x0, 0x0, 0x5, 0xff, 0xff, 0x70, 0x0, 0x0, 0x0,

    /* U+0078 "x" */
    0xa, 0xff, 0xff, 0x40, 0x0, 0x0, 0x0, 0x5, 0xff, 0xff, 0x80, 0x1, 0xef,
    0xff, 0xd0, 0x0, 0x0, 0x0, 0x1e, 0xff, 0xfc, 0x0, 0x0, 0x4f, 0xff, 0xf9,
    0x0, 0x0, 0x0, 0xaf, 0xff, 0xf2, 0x0, 0x0, 0x9, 0xff, 0xff, 0x30, 0x0, 0x5,
    0xff, 0xff, 0x60, 0x0, 0x0, 0x0, 0xdf, 0xff, 0xd0, 0x0, 0x1e, 0xff, 0xfb,
    0x0, 0x0, 0x0, 0x0, 0x3f, 0xff, 0xf8, 0x0, 0xaf, 0xff, 0xe1, 0x0, 0x0, 0x0,
    0x0, 0x8, 0xff, 0xff, 0x24, 0xff, 0xff, 0x40, 0x0, 0x0, 0x0, 0x0, 0x0, 0xcf,
    0xff, 0xce, 0xff, 0xf9, 0x0, 0x0, 0x0, 0x0, 0x0, 0x0, 0x2f, 0xff, 0xff,
    0xff, 0xd0, 0x0, 0x0, 0x0, 0x0, 0x0, 0x0, 0x6, 0xff, 0xff, 0xff, 0x30, 0x0,
    0x0, 0x0, 0x0, 0x0, 0x0, 0x0, 0xcf, 0xff, 0xf8, 0x0, 0x0, 0x0, 0x0, 0x0,
    0x0, 0x0, 0x1, 0xef, 0xff, 0xfd, 0x0, 0x0, 0x0, 0x0, 0x0, 0x0, 0x0, 0xb,
    0xff, 0xff, 0xff, 0x90, 0x0, 0x0, 0x0, 0x0, 0x0, 0x0, 0x7f, 0xff, 0xff,
    0xff, 0xf4, 0x0, 0x0, 0x0, 0x0, 0x0, 0x3, 0xff, 0xff, 0x7a, 0xff, 0xfe,
    0x10, 0x0, 0x0, 0x0, 0x0, 0xd, 0xff, 0xfc, 0x1, 0xff, 0xff, 0xa0, 0x0, 0x0,
    0x0, 0x0, 0x9f, 0xff, 0xf2, 0x0, 0x6f, 0xff, 0xf5, 0x0, 0x0, 0x0, 0x4, 0xff,
    0xff, 0x70, 0x0, 0xb, 0xff, 0xff, 0x20, 0x0, 0x0, 0x1e, 0xff, 0xfc, 0x0,
    0x0, 0x2, 0xff, 0xff, 0xc0, 0x0, 0x0, 0xbf, 0xff, 0xf2, 0x0, 0x0, 0x0, 0x6f,
    0xff, 0xf7, 0x0, 0x6, 0xff, 0xff, 0x60, 0x0, 0x0, 0x0, 0xb, 0xff, 0xff,
    0x30, 0x2f, 0xff, 0xfb, 0x0, 0x0, 0x0, 0x0, 0x1, 0xff, 0xff, 0xd0,

    /* U+0079 "y" */
    0x5f, 0xff, 0xf4, 0x0, 0x0, 0x0, 0x0, 0x0, 0x2f, 0xff, 0xf6, 0xe, 0xff,
    0xfa, 0x0, 0x0, 0x0, 0x0, 0x0, 0x8f, 0xff, 0xf0, 0x8, 0xff, 0xff, 0x0, 0x0,
    0x0, 0x0, 0x0, 0xdf, 0xff, 0xa0, 0x2, 0xff, 0xff, 0x50, 0x0, 0x0, 0x0, 0x3,
    0xff, 0xff, 0x40, 0x0, 0xcf, 0xff, 0xb0, 0x0, 0x0, 0x0, 0x8, 0xff, 0xfe,
    0x0, 0x0, 0x6f, 0xff, 0xf1, 0x0, 0x0, 0x0, 0xe, 0xff, 0xf8, 0x0, 0x0, 0x1f,
    0xff, 0xf6, 0x0, 0x0, 0x0, 0x4f, 0xff, 0xf2, 0x0, 0x0, 0xa, 0xff, 0xfc, 0x0,
    0x0, 0x0, 0x9f, 0xff, 0xc0, 0x0, 0x0, 0x4, 0xff, 0xff, 0x20, 0x0, 0x0, 0xef,
    0xff, 0x60, 0x0, 0x0, 0x0, 0xef, 0xff, 0x70, 0x0, 0x4, 0xff, 0xff, 0x0, 0x0,
    0x0, 0x0, 0x8f, 0xff, 0xd0, 0x0, 0xa, 0xff, 0xfa, 0x0, 0x0, 0x0, 0x0, 0x2f,
    0xff, 0xf3, 0x0, 0xf, 0xff, 0xf4, 0x0, 0x0, 0x0, 0x0, 0xc, 0xff, 0xf8, 0x0,
    0x5f, 0xff, 0xd0, 0x0, 0x0, 0x0, 0x0, 0x6, 0xff, 0xfe, 0x0, 0xaf, 0xff,
    0x70, 0x0, 0x0, 0x0, 0x0, 0x1, 0xff, 0xff, 0x30, 0xff, 0xff, 0x20, 0x0, 0x0,
    0x0, 0x0, 0x0, 0xaf, 0xff, 0x85, 0xff, 0xfb, 0x0, 0x0, 0x0, 0x0, 0x0, 0x0,
    0x4f, 0xff, 0xda, 0xff, 0xf5, 0x0, 0x0, 0x0, 0x0, 0x0, 0x0, 0xe, 0xff, 0xff,
    0xff, 0xf0, 0x0, 0x0, 0x0, 0x0, 0x0, 0x0, 0x8, 0xff, 0xff, 0xff, 0x90, 0x0,
    0x0, 0x0, 0x0, 0x0, 0x0, 0x2, 0xff, 0xff, 0xff, 0x30, 0x0, 0x0, 0x0, 0x0,
    0x0, 0x0, 0x0, 0xcf, 0xff, 0xfd, 0x0, 0x0, 0x0, 0x0, 0x0, 0x0, 0x0, 0x0,
    0x6f, 0xff, 0xf7, 0x0, 0x0, 0x0, 0x0, 0x0, 0x0, 0x0, 0x0, 0x4f, 0xff, 0xf1,
    0x0, 0x0, 0x0, 0x0, 0x0, 0x0, 0x0, 0x0, 0xaf, 0xff, 0xb0, 0x0, 0x0, 0x0,
    0x0, 0x0, 0x0, 0x0, 0x0, 0xff, 0xff, 0x50, 0x0, 0x0, 0x0, 0x0, 0x0, 0x0,
    0x0, 0x7, 0xff, 0xff, 0x0, 0x0, 0x0, 0x0, 0x0, 0x0, 0x0, 0x0, 0x2e, 0xff,
    0xf9, 0x0, 0x0, 0x0, 0x0, 0x0, 0x0, 0x2a, 0xab, 0xff, 0xff, 0xf2, 0x0, 0x0,
    0x0, 0x0, 0x0, 0x0, 0x4f, 0xff, 0xff, 0xff, 0x70, 0x0, 0x0, 0x0, 0x0, 0x0,
    0x0, 0x4f, 0xff, 0xff, 0xf8, 0x0, 0x0, 0x0, 0x0, 0x0, 0x0, 0x0, 0x4f, 0xff,
    0xea, 0x40, 0x0, 0x0, 0x0, 0x0, 0x0, 0x0,

    /* U+007A "z" */
    0xf, 0xff, 0xff, 0xff, 0xff, 0xff, 0xff, 0xff, 0xfa, 0xf, 0xff, 0xff, 0xff,
    0xff, 0xff, 0xff, 0xff, 0xfa, 0xf, 0xff, 0xff, 0xff, 0xff, 0xff, 0xff, 0xff,
    0xfa, 0xb, 0xbb, 0xbb, 0xbb, 0xbb, 0xbb, 0xef, 0xff, 0xf7, 0x0, 0x0, 0x0,
    0x0, 0x0, 0x3, 0xff, 0xff, 0xb0, 0x0, 0x0, 0x0, 0x0, 0x0, 0x1d, 0xff, 0xfe,
    0x10, 0x0, 0x0, 0x0, 0x0, 0x0, 0xaf, 0xff, 0xf3, 0x0, 0x0, 0x0, 0x0, 0x0,
    0x7, 0xff, 0xff, 0x70, 0x0, 0x0, 0x0, 0x0, 0x0, 0x3f, 0xff, 0xfb, 0x0, 0x0,
    0x0, 0x0, 0x0, 0x1, 0xef, 0xff, 0xe1, 0x0, 0x0, 0x0, 0x0, 0x0, 0xb, 0xff,
    0xff, 0x30, 0x0, 0x0, 0x0, 0x0, 0x0, 0x7f, 0xff, 0xf7, 0x0, 0x0, 0x0, 0x0,
    0x0, 0x3, 0xff, 0xff, 0xb0, 0x0, 0x0, 0x0, 0x0, 0x0, 0x1e, 0xff, 0xfe, 0x10,
    0x0, 0x0, 0x0, 0x0, 0x0, 0xbf, 0xff, 0xf3, 0x0, 0x0, 0x0, 0x0, 0x0, 0x7,
    0xff, 0xff, 0x70, 0x0, 0x0, 0x0, 0x0, 0x0, 0x4f, 0xff, 0xfb, 0x0, 0x0, 0x0,
    0x0, 0x0, 0x1, 0xef, 0xff, 0xe1, 0x0, 0x0, 0x0, 0x0, 0x0, 0xb, 0xff, 0xff,
    0xdb, 0xbb, 0xbb, 0xbb, 0xbb, 0xb8, 0xf, 0xff, 0xff, 0xff, 0xff, 0xff, 0xff,
    0xff, 0xfc, 0xf, 0xff, 0xff, 0xff, 0xff, 0xff, 0xff, 0xff, 0xfc, 0xf, 0xff,
    0xff, 0xff, 0xff, 0xff, 0xff, 0xff, 0xfc,

    /* U+007B "{" */
    0x0, 0x0, 0x0, 0x0, 0x49, 0xde, 0xd0, 0x0, 0x0, 0x2, 0xdf, 0xff, 0xfe, 0x0,
    0x0, 0x1, 0xef, 0xff, 0xff, 0xe0, 0x0, 0x0, 0x9f, 0xff, 0xfe, 0xa7, 0x0,
    0x0, 0xf, 0xff, 0xfa, 0x0, 0x0, 0x0, 0x3, 0xff, 0xff, 0x10, 0x0, 0x0, 0x0,
    0x5f, 0xff, 0xc0, 0x0, 0x0, 0x0, 0x6, 0xff, 0xfa, 0x0, 0x0, 0x0, 0x0, 0x7f,
    0xff, 0x90, 0x0, 0x0, 0x0, 0x7, 0xff, 0xf9, 0x0, 0x0, 0x0, 0x0, 0x7f, 0xff,
    0x90, 0x0, 0x0, 0x0, 0x7, 0xff, 0xf9, 0x0, 0x0, 0x0, 0x0, 0x7f, 0xff, 0x90,
    0x0, 0x0, 0x0, 0x8, 0xff, 0xf9, 0x0, 0x0, 0x0, 0x0, 0xaf, 0xff, 0x80, 0x0,
    0x0, 0x0, 0x1f, 0xff, 0xf6, 0x0, 0x0, 0x0, 0x4d, 0xff, 0xff, 0x10, 0x0, 0xd,
    0xff, 0xff, 0xff, 0x70, 0x0, 0x0, 0xdf, 0xff, 0xfd, 0x50, 0x0, 0x0, 0xd,
    0xff, 0xff, 0x91, 0x0, 0x0, 0x0, 0xdf, 0xff, 0xff, 0xf4, 0x0, 0x0, 0x4,
    0x59, 0xff, 0xff, 0xe0, 0x0, 0x0, 0x0, 0x3, 0xff, 0xff, 0x50, 0x0, 0x0, 0x0,
    0xb, 0xff, 0xf8, 0x0, 0x0, 0x0, 0x0, 0x8f, 0xff, 0x90, 0x0, 0x0, 0x0, 0x7,
    0xff, 0xf9, 0x0, 0x0, 0x0, 0x0, 0x7f, 0xff, 0x90, 0x0, 0x0, 0x0, 0x7, 0xff,
    0xf9, 0x0, 0x0, 0x0, 0x0, 0x7f, 0xff, 0x90, 0x0, 0x0, 0x0, 0x7, 0xff, 0xf9,
    0x0, 0x0, 0x0, 0x0, 0x6f, 0xff, 0xa0, 0x0, 0x0, 0x0, 0x5, 0xff, 0xfb, 0x0,
    0x0, 0x0, 0x0, 0x3f, 0xff, 0xf0, 0x0, 0x0, 0x0, 0x0, 0xff, 0xff, 0x90, 0x0,
    0x0, 0x0, 0xa, 0xff, 0xff, 0xea, 0x70, 0x0, 0x0, 0x2e, 0xff, 0xff, 0xfe,
    0x0, 0x0, 0x0, 0x3d, 0xff, 0xff, 0xe0, 0x0, 0x0, 0x0, 0x5, 0xad, 0xed,

    /* U+007C "|" */
    0x6f, 0xff, 0x86, 0xff, 0xf8, 0x6f, 0xff, 0x86, 0xff, 0xf8, 0x6f, 0xff,
    0x86, 0xff, 0xf8, 0x6f, 0xff, 0x86, 0xff, 0xf8, 0x6f, 0xff, 0x86, 0xff,
    0xf8, 0x6f, 0xff, 0x86, 0xff, 0xf8, 0x6f, 0xff, 0x86, 0xff, 0xf8, 0x6f,
    0xff, 0x86, 0xff, 0xf8, 0x6f, 0xff, 0x86, 0xff, 0xf8, 0x6f, 0xff, 0x86,
    0xff, 0xf8, 0x6f, 0xff, 0x86, 0xff, 0xf8, 0x6f, 0xff, 0x86, 0xff, 0xf8,
    0x6f, 0xff, 0x86, 0xff, 0xf8, 0x6f, 0xff, 0x86, 0xff, 0xf8, 0x6f, 0xff,
    0x86, 0xff, 0xf8, 0x6f, 0xff, 0x86, 0xff, 0xf8, 0x6f, 0xff, 0x86, 0xff,
    0xf8, 0x6f, 0xff, 0x86, 0xff, 0xf8, 0x6f, 0xff, 0x86, 0xff, 0xf8, 0x6f,
    0xff, 0x86, 0xff, 0xf8, 0x6f, 0xff, 0x86, 0xff, 0xf8, 0x6f, 0xff, 0x86,
    0xff, 0xf8, 0x6f, 0xff, 0x86, 0xff, 0xf8, 0x6f, 0xff, 0x86, 0xff, 0xf8,
    0x6f, 0xff, 0x86, 0xff, 0xf8,

    /* U+007D "}" */
    0x6f, 0xeb, 0x71, 0x0, 0x0, 0x0, 0x0, 0x7f, 0xff, 0xff, 0x70, 0x0, 0x0, 0x0,
    0x7f, 0xff, 0xff, 0xf7, 0x0, 0x0, 0x0, 0x39, 0xcf, 0xff, 0xff, 0x10, 0x0,
    0x0, 0x0, 0x4, 0xff, 0xff, 0x60, 0x0, 0x0, 0x0, 0x0, 0xaf, 0xff, 0x90, 0x0,
    0x0, 0x0, 0x0, 0x5f, 0xff, 0xc0, 0x0, 0x0, 0x0, 0x0, 0x3f, 0xff, 0xd0, 0x0,
    0x0, 0x0, 0x0, 0x3f, 0xff, 0xd0, 0x0, 0x0, 0x0, 0x0, 0x3f, 0xff, 0xd0, 0x0,
    0x0, 0x0, 0x0, 0x3f, 0xff, 0xd0, 0x0, 0x0, 0x0, 0x0, 0x3f, 0xff, 0xd0, 0x0,
    0x0, 0x0, 0x0, 0x3f, 0xff, 0xd0, 0x0, 0x0, 0x0, 0x0, 0x3f, 0xff, 0xe0, 0x0,
    0x0, 0x0, 0x0, 0x2f, 0xff, 0xf1, 0x0, 0x0, 0x0, 0x0, 0xf, 0xff, 0xf8, 0x0,
    0x0, 0x0, 0x0, 0x9, 0xff, 0xff, 0x82, 0x0, 0x0, 0x0, 0x1, 0xef, 0xff, 0xff,
    0xf4, 0x0, 0x0, 0x0, 0x1a, 0xff, 0xff, 0xf4, 0x0, 0x0, 0x0, 0x7, 0xef, 0xff,
    0xf4, 0x0, 0x0, 0x0, 0xcf, 0xff, 0xff, 0xf4, 0x0, 0x0, 0x8, 0xff, 0xff,
    0xb5, 0x30, 0x0, 0x0, 0xe, 0xff, 0xfa, 0x0, 0x0, 0x0, 0x0, 0x1f, 0xff, 0xf2,
    0x0, 0x0, 0x0, 0x0, 0x3f, 0xff, 0xe0, 0x0, 0x0, 0x0, 0x0, 0x3f, 0xff, 0xd0,
    0x0, 0x0, 0x0, 0x0, 0x3f, 0xff, 0xd0, 0x0, 0x0, 0x0, 0x0, 0x3f, 0xff, 0xd0,
    0x0, 0x0, 0x0, 0x0, 0x3f, 0xff, 0xd0, 0x0, 0x0, 0x0, 0x0, 0x3f, 0xff, 0xd0,
    0x0, 0x0, 0x0, 0x0, 0x3f, 0xff, 0xd0, 0x0, 0x0, 0x0, 0x0, 0x5f, 0xff, 0xc0,
    0x0, 0x0, 0x0, 0x0, 0x9f, 0xff, 0xa0, 0x0, 0x0, 0x0, 0x4, 0xff, 0xff, 0x60,
    0x0, 0x0, 0x39, 0xcf, 0xff, 0xff, 0x10, 0x0, 0x0, 0x7f, 0xff, 0xff, 0xf7,
    0x0, 0x0, 0x0, 0x7f, 0xff, 0xff, 0x70, 0x0, 0x0, 0x0, 0x6f, 0xeb, 0x71, 0x0,
    0x0, 0x0, 0x0,

    /* U+007E "~" */
    0x0, 0x0, 0x7c, 0xff, 0xc7, 0x0, 0x0, 0x0, 0x0, 0x23, 0x33, 0x0, 0x2, 0xdf,
    0xff, 0xff, 0xfe, 0x50, 0x0, 0x0, 0xa, 0xff, 0xf1, 0x0, 0xdf, 0xff, 0xff,
    0xff, 0xff, 0x80, 0x0, 0x0, 0xdf, 0xff, 0x0, 0x6f, 0xff, 0xff, 0xdf, 0xff,
    0xff, 0xb2, 0x0, 0x8f, 0xff, 0xc0, 0xc, 0xff, 0xf9, 0x0, 0x1b, 0xff, 0xff,
    0xfd, 0xff, 0xff, 0xf7, 0x0, 0xff, 0xfe, 0x0, 0x0, 0x7, 0xff, 0xff, 0xff,
    0xff, 0xfd, 0x0, 0xf, 0xff, 0xb0, 0x0, 0x0, 0x4, 0xef, 0xff, 0xff, 0xfe,
    0x20, 0x0, 0x33, 0x32, 0x0, 0x0, 0x0, 0x0, 0x7c, 0xff, 0xd7, 0x10, 0x0};

/*---------------------
 *  GLYPH DESCRIPTION
 *--------------------*/

static const lv_font_fmt_txt_glyph_dsc_t glyph_dsc[] = {
    {.bitmap_index = 0,
     .adv_w = 0,
     .box_w = 0,
     .box_h = 0,
     .ofs_x = 0,
     .ofs_y = 0} /* id = 0 reserved */,
    {.bitmap_index = 0,
     .adv_w = 180,
     .box_w = 0,
     .box_h = 0,
     .ofs_x = 0,
     .ofs_y = 0},
    {.bitmap_index = 0,
     .adv_w = 154,
     .box_w = 7,
     .box_h = 30,
     .ofs_x = 1,
     .ofs_y = 0},
    {.bitmap_index = 105,
     .adv_w = 286,
     .box_w = 12,
     .box_h = 11,
     .ofs_x = 3,
     .ofs_y = 19},
    {.bitmap_index = 171,
     .adv_w = 409,
     .box_w = 26,
     .box_h = 30,
     .ofs_x = 0,
     .ofs_y = 0},
    {.bitmap_index = 561,
     .adv_w = 421,
     .box_w = 24,
     .box_h = 40,
     .ofs_x = 1,
     .ofs_y = -4},
    {.bitmap_index = 1041,
     .adv_w = 588,
     .box_w = 33,
     .box_h = 30,
     .ofs_x = 2,
     .ofs_y = 0},
    {.bitmap_index = 1536,
     .adv_w = 417,
     .box_w = 26,
     .box_h = 30,
     .ofs_x = 1,
     .ofs_y = 0},
    {.bitmap_index = 1926,
     .adv_w = 175,
     .box_w = 5,
     .box_h = 11,
     .ofs_x = 3,
     .ofs_y = 19},
    {.bitmap_index = 1954,
     .adv_w = 263,
     .box_w = 10,
     .box_h = 38,
     .ofs_x = 5,
     .ofs_y = -4},
    {.bitmap_index = 2144,
     .adv_w = 263,
     .box_w = 10,
     .box_h = 38,
     .ofs_x = 1,
     .ofs_y = -4},
    {.bitmap_index = 2334,
     .adv_w = 433,
     .box_w = 21,
     .box_h = 20,
     .ofs_x = 3,
     .ofs_y = 5},
    {.bitmap_index = 2544,
     .adv_w = 433,
     .box_w = 21,
     .box_h = 20,
     .ofs_x = 3,
     .ofs_y = 5},
    {.bitmap_index = 2754,
     .adv_w = 180,
     .box_w = 7,
     .box_h = 11,
     .ofs_x = 2,
     .ofs_y = -6},
    {.bitmap_index = 2793,
     .adv_w = 433,
     .box_w = 15,
     .box_h = 4,
     .ofs_x = 6,
     .ofs_y = 13},
    {.bitmap_index = 2823,
     .adv_w = 180,
     .box_w = 7,
     .box_h = 6,
     .ofs_x = 2,
     .ofs_y = 0},
    {.bitmap_index = 2844,
     .adv_w = 227,
     .box_w = 14,
     .box_h = 37,
     .ofs_x = 0,
     .ofs_y = -5},
    {.bitmap_index = 3103,
     .adv_w = 433,
     .box_w = 23,
     .box_h = 30,
     .ofs_x = 2,
     .ofs_y = 0},
    {.bitmap_index = 3448,
     .adv_w = 433,
     .box_w = 20,
     .box_h = 30,
     .ofs_x = 4,
     .ofs_y = 0},
    {.bitmap_index = 3748,
     .adv_w = 433,
     .box_w = 21,
     .box_h = 30,
     .ofs_x = 3,
     .ofs_y = 0},
    {.bitmap_index = 4063,
     .adv_w = 433,
     .box_w = 23,
     .box_h = 30,
     .ofs_x = 2,
     .ofs_y = 0},
    {.bitmap_index = 4408,
     .adv_w = 433,
     .box_w = 25,
     .box_h = 30,
     .ofs_x = 1,
     .ofs_y = 0},
    {.bitmap_index = 4783,
     .adv_w = 433,
     .box_w = 23,
     .box_h = 30,
     .ofs_x = 2,
     .ofs_y = 0},
    {.bitmap_index = 5128,
     .adv_w = 433,
     .box_w = 23,
     .box_h = 30,
     .ofs_x = 2,
     .ofs_y = 0},
    {.bitmap_index = 5473,
     .adv_w = 433,
     .box_w = 21,
     .box_h = 30,
     .ofs_x = 3,
     .ofs_y = 0},
    {.bitmap_index = 5788,
     .adv_w = 433,
     .box_w = 23,
     .box_h = 30,
     .ofs_x = 2,
     .ofs_y = 0},
    {.bitmap_index = 6133,
     .adv_w = 433,
     .box_w = 23,
     .box_h = 30,
     .ofs_x = 2,
     .ofs_y = 0},
    {.bitmap_index = 6478,
     .adv_w = 180,
     .box_w = 7,
     .box_h = 21,
     .ofs_x = 2,
     .ofs_y = 5},
    {.bitmap_index = 6552,
     .adv_w = 180,
     .box_w = 7,
     .box_h = 27,
     .ofs_x = 2,
     .ofs_y = -6},
    {.bitmap_index = 6647,
     .adv_w = 433,
     .box_w = 21,
     .box_h = 24,
     .ofs_x = 3,
     .ofs_y = 3},
    {.bitmap_index = 6899,
     .adv_w = 433,
     .box_w = 20,
     .box_h = 13,
     .ofs_x = 4,
     .ofs_y = 9},
    {.bitmap_index = 7029,
     .adv_w = 433,
     .box_w = 21,
     .box_h = 24,
     .ofs_x = 3,
     .ofs_y = 3},
    {.bitmap_index = 7281,
     .adv_w = 362,
     .box_w = 20,
     .box_h = 30,
     .ofs_x = 1,
     .ofs_y = 0},
    {.bitmap_index = 7581,
     .adv_w = 662,
     .box_w = 39,
     .box_h = 38,
     .ofs_x = 1,
     .ofs_y = -4},
    {.bitmap_index = 8322,
     .adv_w = 452,
     .box_w = 28,
     .box_h = 30,
     .ofs_x = 0,
     .ofs_y = 0},
    {.bitmap_index = 8742,
     .adv_w = 430,
     .box_w = 24,
     .box_h = 30,
     .ofs_x = 2,
     .ofs_y = 0},
    {.bitmap_index = 9102,
     .adv_w = 486,
     .box_w = 28,
     .box_h = 30,
     .ofs_x = 1,
     .ofs_y = 0},
    {.bitmap_index = 9522,
     .adv_w = 466,
     .box_w = 26,
     .box_h = 30,
     .ofs_x = 2,
     .ofs_y = 0},
    {.bitmap_index = 9912,
     .adv_w = 396,
     .box_w = 22,
     .box_h = 30,
     .ofs_x = 2,
     .ofs_y = 0},
    {.bitmap_index = 10242,
     .adv_w = 379,
     .box_w = 21,
     .box_h = 30,
     .ofs_x = 2,
     .ofs_y = 0},
    {.bitmap_index = 10557,
     .adv_w = 492,
     .box_w = 28,
     .box_h = 30,
     .ofs_x = 1,
     .ofs_y = 0},
    {.bitmap_index = 10977,
     .adv_w = 478,
     .box_w = 26,
     .box_h = 30,
     .ofs_x = 2,
     .ofs_y = 0},
    {.bitmap_index = 11367,
     .adv_w = 162,
     .box_w = 6,
     .box_h = 30,
     .ofs_x = 2,
     .ofs_y = 0},
    {.bitmap_index = 11457,
     .adv_w = 366,
     .box_w = 20,
     .box_h = 30,
     .ofs_x = 1,
     .ofs_y = 0},
    {.bitmap_index = 11757,
     .adv_w = 438,
     .box_w = 25,
     .box_h = 30,
     .ofs_x = 2,
     .ofs_y = 0},
    {.bitmap_index = 12132,
     .adv_w = 365,
     .box_w = 20,
     .box_h = 30,
     .ofs_x = 2,
     .ofs_y = 0},
    {.bitmap_index = 12432,
     .adv_w = 584,
     .box_w = 32,
     .box_h = 30,
     .ofs_x = 2,
     .ofs_y = 0},
    {.bitmap_index = 12912,
     .adv_w = 480,
     .box_w = 26,
     .box_h = 30,
     .ofs_x = 2,
     .ofs_y = 0},
    {.bitmap_index = 13302,
     .adv_w = 503,
     .box_w = 29,
     .box_h = 30,
     .ofs_x = 1,
     .ofs_y = 0},
    {.bitmap_index = 13737,
     .adv_w = 415,
     .box_w = 23,
     .box_h = 30,
     .ofs_x = 2,
     .ofs_y = 0},
    {.bitmap_index = 14082,
     .adv_w = 503,
     .box_w = 29,
     .box_h = 33,
     .ofs_x = 1,
     .ofs_y = -3},
    {.bitmap_index = 14561,
     .adv_w = 429,
     .box_w = 24,
     .box_h = 30,
     .ofs_x = 2,
     .ofs_y = 0},
    {.bitmap_index = 14921,
     .adv_w = 421,
     .box_w = 24,
     .box_h = 30,
     .ofs_x = 1,
     .ofs_y = 0},
    {.bitmap_index = 15281,
     .adv_w = 416,
     .box_w = 25,
     .box_h = 30,
     .ofs_x = 0,
     .ofs_y = 0},
    {.bitmap_index = 15656,
     .adv_w = 473,
     .box_w = 25,
     .box_h = 30,
     .ofs_x = 2,
     .ofs_y = 0},
    {.bitmap_index = 16031,
     .adv_w = 451,
     .box_w = 28,
     .box_h = 30,
     .ofs_x = 0,
     .ofs_y = 0},
    {.bitmap_index = 16451,
     .adv_w = 648,
     .box_w = 41,
     .box_h = 30,
     .ofs_x = 0,
     .ofs_y = 0},
    {.bitmap_index = 17066,
     .adv_w = 445,
     .box_w = 28,
     .box_h = 30,
     .ofs_x = 0,
     .ofs_y = 0},
    {.bitmap_index = 17486,
     .adv_w = 442,
     .box_w = 28,
     .box_h = 30,
     .ofs_x = 0,
     .ofs_y = 0},
    {.bitmap_index = 17906,
     .adv_w = 417,
     .box_w = 24,
     .box_h = 30,
     .ofs_x = 1,
     .ofs_y = 0},
    {.bitmap_index = 18266,
     .adv_w = 263,
     .box_w = 9,
     .box_h = 38,
     .ofs_x = 6,
     .ofs_y = -4},
    {.bitmap_index = 18437,
     .adv_w = 227,
     .box_w = 14,
     .box_h = 37,
     .ofs_x = 0,
     .ofs_y = -5},
    {.bitmap_index = 18696,
     .adv_w = 263,
     .box_w = 9,
     .box_h = 38,
     .ofs_x = 1,
     .ofs_y = -4},
    {.bitmap_index = 18867,
     .adv_w = 300,
     .box_w = 17,
     .box_h = 13,
     .ofs_x = 1,
     .ofs_y = 17},
    {.bitmap_index = 18978,
     .adv_w = 310,
     .box_w = 20,
     .box_h = 4,
     .ofs_x = 0,
     .ofs_y = -4},
    {.bitmap_index = 19018,
     .adv_w = 174,
     .box_w = 9,
     .box_h = 7,
     .ofs_x = 1,
     .ofs_y = 24},
    {.bitmap_index = 19050,
     .adv_w = 356,
     .box_w = 19,
     .box_h = 22,
     .ofs_x = 1,
     .ofs_y = 0},
    {.bitmap_index = 19259,
     .adv_w = 387,
     .box_w = 21,
     .box_h = 30,
     .ofs_x = 2,
     .ofs_y = 0},
    {.bitmap_index = 19574,
     .adv_w = 359,
     .box_w = 21,
     .box_h = 22,
     .ofs_x = 1,
     .ofs_y = 0},
    {.bitmap_index = 19805,
     .adv_w = 387,
     .box_w = 21,
     .box_h = 30,
     .ofs_x = 1,
     .ofs_y = 0},
    {.bitmap_index = 20120,
     .adv_w = 366,
     .box_w = 21,
     .box_h = 22,
     .ofs_x = 1,
     .ofs_y = 0},
    {.bitmap_index = 20351,
     .adv_w = 220,
     .box_w = 13,
     .box_h = 30,
     .ofs_x = 0,
     .ofs_y = 0},
    {.bitmap_index = 20546,
     .adv_w = 387,
     .box_w = 21,
     .box_h = 31,
     .ofs_x = 1,
     .ofs_y = -9},
    {.bitmap_index = 20872,
     .adv_w = 376,
     .box_w = 20,
     .box_h = 30,
     .ofs_x = 2,
     .ofs_y = 0},
    {.bitmap_index = 21172,
     .adv_w = 147,
     .box_w = 7,
     .box_h = 30,
     .ofs_x = 1,
     .ofs_y = 0},
    {.bitmap_index = 21277,
     .adv_w = 147,
     .box_w = 10,
     .box_h = 39,
     .ofs_x = -2,
     .ofs_y = -9},
    {.bitmap_index = 21472,
     .adv_w = 350,
     .box_w = 21,
     .box_h = 30,
     .ofs_x = 2,
     .ofs_y = 0},
    {.bitmap_index = 21787,
     .adv_w = 147,
     .box_w = 5,
     .box_h = 30,
     .ofs_x = 2,
     .ofs_y = 0},
    {.bitmap_index = 21862,
     .adv_w = 574,
     .box_w = 32,
     .box_h = 22,
     .ofs_x = 2,
     .ofs_y = 0},
    {.bitmap_index = 22214,
     .adv_w = 376,
     .box_w = 20,
     .box_h = 22,
     .ofs_x = 2,
     .ofs_y = 0},
    {.bitmap_index = 22434,
     .adv_w = 376,
     .box_w = 22,
     .box_h = 22,
     .ofs_x = 1,
     .ofs_y = 0},
    {.bitmap_index = 22676,
     .adv_w = 387,
     .box_w = 21,
     .box_h = 31,
     .ofs_x = 2,
     .ofs_y = -9},
    {.bitmap_index = 23002,
     .adv_w = 387,
     .box_w = 21,
     .box_h = 31,
     .ofs_x = 1,
     .ofs_y = -9},
    {.bitmap_index = 23328,
     .adv_w = 228,
     .box_w = 12,
     .box_h = 22,
     .ofs_x = 2,
     .ofs_y = 0},
    {.bitmap_index = 23460,
     .adv_w = 329,
     .box_w = 19,
     .box_h = 22,
     .ofs_x = 1,
     .ofs_y = 0},
    {.bitmap_index = 23669,
     .adv_w = 222,
     .box_w = 13,
     .box_h = 28,
     .ofs_x = 0,
     .ofs_y = 0},
    {.bitmap_index = 23851,
     .adv_w = 376,
     .box_w = 20,
     .box_h = 22,
     .ofs_x = 2,
     .ofs_y = 0},
    {.bitmap_index = 24071,
     .adv_w = 353,
     .box_w = 22,
     .box_h = 22,
     .ofs_x = 0,
     .ofs_y = 0},
    {.bitmap_index = 24313,
     .adv_w = 520,
     .box_w = 33,
     .box_h = 22,
     .ofs_x = 0,
     .ofs_y = 0},
    {.bitmap_index = 24676,
     .adv_w = 347,
     .box_w = 22,
     .box_h = 22,
     .ofs_x = 0,
     .ofs_y = 0},
    {.bitmap_index = 24918,
     .adv_w = 353,
     .box_w = 22,
     .box_h = 31,
     .ofs_x = 0,
     .ofs_y = -9},
    {.bitmap_index = 25259,
     .adv_w = 331,
     .box_w = 18,
     .box_h = 22,
     .ofs_x = 1,
     .ofs_y = 0},
    {.bitmap_index = 25457,
     .adv_w = 263,
     .box_w = 13,
     .box_h = 38,
     .ofs_x = 2,
     .ofs_y = -4},
    {.bitmap_index = 25704,
     .adv_w = 210,
     .box_w = 5,
     .box_h = 50,
     .ofs_x = 4,
     .ofs_y = -10},
    {.bitmap_index = 25829,
     .adv_w = 263,
     .box_w = 14,
     .box_h = 38,
     .ofs_x = 1,
     .ofs_y = -4},
    {.bitmap_index = 26095,
     .adv_w = 433,
     .box_w = 23,
     .box_h = 8,
     .ofs_x = 2,
     .ofs_y = 11}};

/*---------------------
 *  CHARACTER MAPPING
 *--------------------*/

/*Collect the unicode lists and glyph_id offsets*/
static const lv_font_fmt_txt_cmap_t cmaps[] = {
    {.range_start = 32,
     .range_length = 95,
     .glyph_id_start = 1,
     .unicode_list = NULL,
     .glyph_id_ofs_list = NULL,
     .list_length = 0,
     .type = LV_FONT_FMT_TXT_CMAP_FORMAT0_TINY}};

/*-----------------
 *    KERNING
 *----------------*/

/*Pair left and right glyphs for kerning*/
static const uint8_t kern_pair_glyph_ids[] = {
    3,  7,  7,  3,  7,  8,  7,  61, 8,  7,  11, 61, 12, 61, 14, 61, 16, 61,
    30, 61, 61, 3,  61, 5,  61, 8,  61, 11, 61, 12, 61, 14, 61, 16, 61, 30,
    61, 32, 61, 61, 61, 63, 61, 95, 63, 7,  63, 64, 64, 61, 64, 63, 95, 61};

/* Kerning between the respective left and right glyphs
 * 4.4 format which needs to scaled with `kern_scale`*/
static const int8_t kern_pair_values[] = {
    -23, -23, -23, -42, -23, -27, -33, -33, 2,   -46, -53, -3,  -53, -23,
    -23, -23, 12,  -34, -42, -37, -57, -23, -23, -46, -53, -46, -33};

/*Collect the kern pair's data in one place*/
static const lv_font_fmt_txt_kern_pair_t kern_pairs = {
    .glyph_ids = kern_pair_glyph_ids,
    .values = kern_pair_values,
    .pair_cnt = 27,
    .glyph_ids_size = 0};

/*--------------------
 *  ALL CUSTOM DATA
 *--------------------*/

#if LVGL_VERSION_MAJOR == 8
/*Store all the custom data of the font*/
static lv_font_fmt_txt_glyph_cache_t cache;
#endif

#if LVGL_VERSION_MAJOR >= 8
static const lv_font_fmt_txt_dsc_t font_dsc = {
#else
static lv_font_fmt_txt_dsc_t font_dsc = {
#endif
    .glyph_bitmap = glyph_bitmap,
    .glyph_dsc = glyph_dsc,
    .cmaps = cmaps,
    .kern_dsc = &kern_pairs,
    .kern_scale = 16,
    .cmap_num = 1,
    .bpp = 4,
    .kern_classes = 0,
    .bitmap_format = 0,
#if LVGL_VERSION_MAJOR == 8
    .cache = &cache
#endif

};

/*-----------------
 *  PUBLIC FONT
 *----------------*/

/*Initialize a public general font descriptor*/
#if LVGL_VERSION_MAJOR >= 8
const lv_font_t inter_42 = {
#else
lv_font_t inter_42 = {
#endif
    .get_glyph_dsc =
        lv_font_get_glyph_dsc_fmt_txt, /*Function pointer to get glyph's data*/
    .get_glyph_bitmap =
        lv_font_get_bitmap_fmt_txt, /*Function pointer to get glyph's bitmap*/
    .line_height = 50, /*The maximum line height required by the font*/
    .base_line = 10,   /*Baseline measured from the bottom of the line*/
#if !(LVGL_VERSION_MAJOR == 6 && LVGL_VERSION_MINOR == 0)
    .subpx = LV_FONT_SUBPX_NONE,
#endif
#if LV_VERSION_CHECK(7, 4, 0) || LVGL_VERSION_MAJOR >= 8
    .underline_position = -4,
    .underline_thickness = 3,
#endif
    .static_bitmap = 0,
    .dsc = &font_dsc, /*The custom font data. Will be accessed by
                         `get_glyph_bitmap/dsc` */
#if LV_VERSION_CHECK(8, 2, 0) || LVGL_VERSION_MAJOR >= 9
    .fallback = NULL,
#endif
    .user_data = NULL,
};

#endif /*#if INTER_42*/
